id,revenue
3001,33536957.07142857
3002,3939257.785714286
3003,11384407.357142856
3004,14993606.0
3005,1756429.7142857143
3006,41063977.571428575
3007,5287322.571428572
3008,112124002.14285715
3009,50988527.35714286
3010,382241452.85714287
3011,2799449.214285714
3012,699278.0
3013,81211605.64285715
3014,1950392.2857142857
3015,14346876.0
3016,137185.0
3017,115892594.64285715
3018,122163529.92857143
3019,31040619.214285713
3020,659710999.8571428
3021,62689272.0
3022,72535679.14285715
3023,1405774.7142857143
3024,66322778.928571425
3025,2907095.9285714286
3026,138352915.5
3027,14126949.214285715
3028,68328677.42857143
3029,2820672.3571428573
3030,65372499.428571425
3031,21341216.714285713
3032,10633455.857142856
3033,5943061.714285715
3034,70492.78571428571
3035,6551665.5
3036,23267413.42857143
3037,140115669.7142857
3038,89131173.5
3039,55267117.85714286
3040,6318153.928571428
3041,34701080.78571428
3042,2776886.8571428573
3043,10647882.714285715
3044,12134489.0
3045,505136290.14285713
3046,23917452.57142857
3047,38203467.35714286
3048,51173468.71428572
3049,30833880.214285713
3050,47752054.571428575
3051,769716.5714285715
3052,28389556.92857143
3053,143832.64285714287
3054,9148226.285714285
3055,102697132.71428572
3056,547092.7142857143
3057,104066219.28571428
3058,546792015.5714285
3059,3254196.5
3060,89102769.35714285
3061,101171979.21428572
3062,39197039.928571425
3063,67119860.21428572
3064,222255899.7142857
3065,41937258.78571428
3066,106369649.35714285
3067,8124113.857142857
3068,91578063.71428572
3069,312375238.0714286
3070,3782390.8571428573
3071,41743056.071428575
3072,699951936.5714285
3073,1430257.7142857143
3074,2371010.285714286
3075,62300841.0
3076,190863478.0
3077,23643748.64285714
3078,112322201.21428572
3079,56650539.14285714
3080,151914094.14285713
3081,20285300.07142857
3082,17092959.07142857
3083,8290969.571428572
3084,1879301.2857142857
3085,66664368.0
3086,65155758.571428575
3087,502293.85714285716
3088,287507.85714285716
3089,795135.9285714285
3090,87683263.57142857
3091,53760403.64285714
3092,7302221.642857143
3093,322884444.5714286
3094,129740358.0
3095,71775889.85714285
3096,6543702.5
3097,962844609.6428572
3098,33522906.285714287
3099,87950269.07142857
3100,2070493.5
3101,21506447.42857143
3102,6465451.428571428
3103,2942586.3571428573
3104,5813639.142857143
3105,116608526.92857143
3106,69451238.64285715
3107,58673698.28571428
3108,58165047.571428575
3109,15912795.07142857
3110,393591740.85714287
3111,3095781.785714286
3112,2155066.8571428573
3113,5302987.142857143
3114,41124703.5
3115,35818944.14285714
3116,14542482.357142856
3117,3434958.5
3118,2249087.785714286
3119,284572023.4285714
3120,276265761.5714286
3121,10810784.285714285
3122,24785265.57142857
3123,21464361.42857143
3124,10836837.57142857
3125,1945688.9285714286
3126,59678301.71428572
3127,16269484.92857143
3128,31462035.35714286
3129,469933748.35714287
3130,25936448.42857143
3131,6690948.642857143
3132,18907134.785714287
3133,7743056.857142857
3134,19571880.785714287
3135,886153.2142857143
3136,8372285.142857143
3137,157668775.85714287
3138,2322554.5714285714
3139,32863655.35714286
3140,50937165.071428575
3141,28768608.0
3142,3934516.714285714
3143,168935624.85714287
3144,33625712.78571428
3145,24169797.5
3146,7965778.357142857
3147,19866945.5
3148,2228419.4285714286
3149,191544595.42857143
3150,76151496.64285715
3151,7013167.357142857
3152,46907222.071428575
3153,9497139.142857144
3154,11225867.142857144
3155,47220737.0
3156,21652073.14285714
3157,51821190.928571425
3158,237297443.57142857
3159,6081002.0
3160,10198309.285714285
3161,977897.8571428572
3162,5036043.571428572
3163,79443652.78571428
3164,4218526.285714285
3165,847548.0714285715
3166,5857864.928571428
3167,87853958.21428572
3168,5121761.0
3169,25689105.64285714
3170,29714642.714285713
3171,10787863.714285715
3172,68900594.92857143
3173,1040513.7857142857
3174,18087215.42857143
3175,21978045.85714286
3176,59809384.14285714
3177,178593650.92857143
3178,5684079.0
3179,3570806.5
3180,17492750.14285714
3181,1724630.2857142857
3182,192944401.42857143
3183,54458221.571428575
3184,74017523.07142857
3185,80153985.85714285
3186,110129763.21428572
3187,16049504.42857143
3188,25142741.07142857
3189,85413364.35714285
3190,40968963.21428572
3191,18654316.07142857
3192,10172186.0
3193,283926874.35714287
3194,81558604.57142857
3195,157477.2857142857
3196,2210848.5714285714
3197,19675746.07142857
3198,112453111.0
3199,221618622.2857143
3200,18908984.0
3201,26901885.35714286
3202,13560255.214285715
3203,5471283.5
3204,4208760.857142857
3205,2061377.7142857143
3206,29900089.14285714
3207,52993831.71428572
3208,20845874.0
3209,8321422.5
3210,580893589.5
3211,4973571.071428572
3212,61224431.928571425
3213,153239772.85714287
3214,17606038.214285713
3215,4903154.214285715
3216,13734748.5
3217,455002713.21428573
3218,15707749.285714285
3219,3822907.8571428573
3220,85791240.28571428
3221,38922483.071428575
3222,5151213.928571428
3223,37208895.78571428
3224,3345758.6428571427
3225,6463714.285714285
3226,4117353.714285714
3227,93449080.07142857
3228,169468573.0
3229,161421731.2857143
3230,46196279.5
3231,70057769.71428572
3232,22687751.0
3233,16119943.42857143
3234,1829385.4285714286
3235,20800623.57142857
3236,1023022.6428571428
3237,28959456.714285713
3238,3321386.8571428573
3239,489745.28571428574
3240,369581665.64285713
3241,15255029.785714285
3242,13757314.07142857
3243,22354020.714285713
3244,6424938.142857143
3245,9829812.57142857
3246,33190848.0
3247,33039046.14285714
3248,70345471.21428572
3249,64754109.71428572
3250,387610508.4285714
3251,2688109.714285714
3252,21588831.35714286
3253,74065084.5
3254,3727492.6428571427
3255,2362491.285714286
3256,53276901.78571428
3257,20072160.85714286
3258,14545519.357142856
3259,66502412.35714286
3260,5873870.642857143
3261,706095382.8571428
3262,56442345.28571428
3263,1799813.4285714286
3264,589524.9285714285
3265,160775.2857142857
3266,160640.2857142857
3267,59582870.571428575
3268,236807.92857142858
3269,73785850.5
3270,91296941.14285715
3271,25985685.214285713
3272,17996065.0
3273,46041363.071428575
3274,561897700.2857143
3275,33470413.92857143
3276,2144048.6428571427
3277,28143517.42857143
3278,70104683.78571428
3279,15046506.642857144
3280,271802888.21428573
3281,3099427.214285714
3282,5696401.571428572
3283,374411903.35714287
3284,48955851.28571428
3285,95043977.0
3286,2707466.5714285714
3287,9881384.57142857
3288,41683670.35714286
3289,80885272.78571428
3290,80312365.14285715
3291,51363067.35714286
3292,249631344.2142857
3293,100404812.07142857
3294,14089277.07142857
3295,3470453.1428571427
3296,3682766.714285714
3297,9724796.42857143
3298,94472843.07142857
3299,14341850.714285715
3300,30339240.92857143
3301,143446.7142857143
3302,9399410.642857144
3303,8195501.0
3304,23161735.42857143
3305,48889763.5
3306,1878487.4285714286
3307,166966891.64285713
3308,11100693.42857143
3309,6425257.857142857
3310,13045045.0
3311,29023157.714285713
3312,9175144.214285715
3313,58929803.928571425
3314,47382470.071428575
3315,151425378.42857143
3316,29060022.85714286
3317,6682407.142857143
3318,12247917.357142856
3319,6538391.571428572
3320,24233400.285714287
3321,18010716.35714286
3322,5376549.642857143
3323,82100567.14285715
3324,12692350.92857143
3325,122542358.71428572
3326,131370871.28571428
3327,103721681.07142857
3328,70260159.64285715
3329,9370636.214285715
3330,90421157.21428572
3331,3631508.0714285714
3332,61067880.928571425
3333,199568700.2857143
3334,11338994.714285715
3335,84977158.28571428
3336,10903987.285714285
3337,2424736.6428571427
3338,22287545.785714287
3339,9051778.57142857
3340,147534995.64285713
3341,16798839.14285714
3342,77375580.92857143
3343,103516138.14285715
3344,3744823.5714285714
3345,890674.5714285715
3346,27680891.35714286
3347,136530.2857142857
3348,26011431.14285714
3349,136860450.7857143
3350,245805896.64285713
3351,41740442.428571425
3352,9231488.07142857
3353,150491640.14285713
3354,7290185.642857143
3355,3967970.285714286
3356,48402418.78571428
3357,4486597.428571428
3358,42995366.571428575
3359,28828291.285714287
3360,30247206.714285713
3361,163412492.0
3362,19806361.57142857
3363,7659181.142857143
3364,53564133.428571425
3365,2190074.5
3366,99011304.78571428
3367,138467308.14285713
3368,3886068.214285714
3369,37397878.85714286
3370,98626064.35714285
3371,34146494.35714286
3372,58651517.5
3373,29367237.714285713
3374,34787591.0
3375,71455886.78571428
3376,34846120.928571425
3377,8190450.428571428
3378,47254221.0
3379,302958397.71428573
3380,71127929.85714285
3381,8301782.714285715
3382,1117157.2142857143
3383,9857480.357142856
3384,49767994.78571428
3385,113427099.42857143
3386,914705.7142857143
3387,14627179.92857143
3388,93530849.64285715
3389,1033320545.3571428
3390,35737203.0
3391,14591832.42857143
3392,11287920.42857143
3393,13006418.57142857
3394,179191840.57142857
3395,163982510.07142857
3396,29553380.14285714
3397,484206.35714285716
3398,245657334.2857143
3399,115835850.0
3400,17039760.14285714
3401,6810090.214285715
3402,1715454.5714285714
3403,125539887.42857143
3404,31436414.07142857
3405,62085502.571428575
3406,149469794.64285713
3407,225407102.0
3408,35095101.428571425
3409,10455240.07142857
3410,61929280.0
3411,70175358.64285715
3412,19955389.0
3413,28051933.35714286
3414,7777957.285714285
3415,13216988.357142856
3416,126273854.14285715
3417,66401510.14285714
3418,53226966.85714286
3419,295430775.5714286
3420,9863121.142857144
3421,21343799.85714286
3422,1759270.5
3423,522563051.85714287
3424,2837784.785714286
3425,5395024.714285715
3426,31015177.57142857
3427,28089296.14285714
3428,5252434.142857143
3429,36599975.71428572
3430,736532433.7142857
3431,10053503.285714285
3432,17400348.57142857
3433,7129663.785714285
3434,10100389.642857144
3435,274578495.14285713
3436,183860563.2857143
3437,14925953.92857143
3438,22011503.92857143
3439,158585315.64285713
3440,96941878.92857143
3441,110100709.14285715
3442,4175295.0714285714
3443,5060362.428571428
3444,765404.2142857143
3445,69019670.0
3446,2329671.4285714286
3447,26558499.57142857
3448,35733318.928571425
3449,11090991.0
3450,76514709.14285715
3451,50831505.28571428
3452,33148567.0
3453,49725563.35714286
3454,40321594.78571428
3455,14798070.92857143
3456,172364264.0
3457,38347398.35714286
3458,12756346.642857144
3459,569135174.9285715
3460,24712752.35714286
3461,24829635.785714287
3462,54082334.571428575
3463,62237591.071428575
3464,1729077.7857142857
3465,33666328.78571428
3466,29473129.92857143
3467,29757262.5
3468,116262228.92857143
3469,12479265.5
3470,1215281.2857142857
3471,50384005.928571425
3472,5000637.571428572
3473,67120774.21428572
3474,81521088.07142857
3475,365850973.9285714
3476,8606734.42857143
3477,33125998.785714287
3478,19119270.64285714
3479,219002035.7142857
3480,7092778.428571428
3481,7132434.642857143
3482,1579925.142857143
3483,5491232.0
3484,6852912.714285715
3485,44393822.71428572
3486,110525295.85714285
3487,106843004.28571428
3488,89472345.0
3489,21002517.64285714
3490,42544656.928571425
3491,27630201.0
3492,22169112.14285714
3493,84263630.92857143
3494,14678793.214285715
3495,79034813.14285715
3496,10316194.92857143
3497,61168825.14285714
3498,27688897.07142857
3499,21406725.285714287
3500,440044.0
3501,170051207.64285713
3502,83707913.78571428
3503,65929272.571428575
3504,93804371.07142857
3505,5855449.571428572
3506,107327335.92857143
3507,286598574.85714287
3508,17342929.785714287
3509,11897612.57142857
3510,26491486.57142857
3511,20261858.42857143
3512,184957653.5
3513,13214272.285714285
3514,25337942.35714286
3515,64768686.28571428
3516,34610577.21428572
3517,715455954.7857143
3518,27144382.35714286
3519,8976157.142857144
3520,6542121.071428572
3521,4257012.857142857
3522,16150060.5
3523,16613185.857142856
3524,126327191.14285715
3525,153271692.07142857
3526,31082841.07142857
3527,51713204.21428572
3528,8003016.428571428
3529,607493032.1428572
3530,22394306.285714287
3531,93410158.28571428
3532,37967350.928571425
3533,51865334.14285714
3534,20383508.57142857
3535,275360455.64285713
3536,17344232.42857143
3537,71209828.28571428
3538,64384311.71428572
3539,66345580.28571428
3540,58930895.0
3541,24584635.57142857
3542,55720300.071428575
3543,2864440.5
3544,64167361.28571428
3545,2844020.0
3546,2107217.9285714286
3547,163959527.35714287
3548,388834105.9285714
3549,3485927.0
3550,381522300.5
3551,185489143.7857143
3552,91738422.92857143
3553,94654920.14285715
3554,130103320.42857143
3555,112998223.71428572
3556,98964700.57142857
3557,19373412.5
3558,178760261.35714287
3559,116228173.57142857
3560,15172528.5
3561,73162856.85714285
3562,8395264.214285715
3563,11182916.92857143
3564,2099582.5
3565,5885689.428571428
3566,72678379.42857143
3567,27730646.07142857
3568,5882164.5
3569,103139274.14285715
3570,8385659.428571428
3571,54099153.21428572
3572,145796306.57142857
3573,10693367.5
3574,37307123.0
3575,15540888.42857143
3576,38079458.78571428
3577,19196064.07142857
3578,65843334.64285714
3579,82796653.21428572
3580,40815800.21428572
3581,43369755.71428572
3582,137575323.92857143
3583,1868067.2142857143
3584,32996457.57142857
3585,96648683.71428572
3586,110500578.85714285
3587,48258330.5
3588,7100292.785714285
3589,17083032.214285713
3590,5058061.357142857
3591,357737573.14285713
3592,2061724.4285714286
3593,3648072.1428571427
3594,13882938.57142857
3595,42666856.21428572
3596,37045109.21428572
3597,27673478.42857143
3598,102124230.57142857
3599,12728360.642857144
3600,14637606.285714285
3601,2106633.6428571427
3602,10390631.642857144
3603,17043407.214285713
3604,8943123.357142856
3605,67646149.78571428
3606,19092188.214285713
3607,69087808.85714285
3608,163817219.7857143
3609,2401789.5714285714
3610,43272272.35714286
3611,1391729.7857142857
3612,11960822.5
3613,21561438.785714287
3614,126155613.85714285
3615,46716111.28571428
3616,22305908.0
3617,26570405.35714286
3618,128637991.0
3619,1499730.7142857143
3620,140498959.92857143
3621,384319827.35714287
3622,571230152.4285715
3623,98000248.07142857
3624,1895991.0714285714
3625,1942122.7857142857
3626,62570802.5
3627,84022553.57142857
3628,411835269.0
3629,5967909.928571428
3630,296116.0
3631,147994006.5
3632,21353435.07142857
3633,82732197.64285715
3634,3172988.4285714286
3635,2467780.6428571427
3636,116288189.78571428
3637,4794044.857142857
3638,44971959.35714286
3639,107743718.85714285
3640,561517757.3571428
3641,6512335.0
3642,7275188.142857143
3643,40380918.71428572
3644,25659237.0
3645,68570066.71428572
3646,28949310.214285713
3647,63738238.78571428
3648,9135749.42857143
3649,19144005.0
3650,38084534.78571428
3651,381793533.0
3652,22872349.714285713
3653,310961719.78571427
3654,18218586.35714286
3655,37023442.35714286
3656,6319357.285714285
3657,202155.07142857142
3658,12198360.142857144
3659,152518449.42857143
3660,358393200.4285714
3661,19157223.714285713
3662,44162156.35714286
3663,387139806.35714287
3664,1537018.9285714286
3665,1659722.2142857143
3666,16834962.85714286
3667,149005517.07142857
3668,35229006.35714286
3669,9534766.57142857
3670,76275109.71428572
3671,27586494.07142857
3672,18430503.285714287
3673,200100039.7142857
3674,8291720.714285715
3675,310243767.0
3676,76583069.35714285
3677,9436658.642857144
3678,22162421.85714286
3679,23209553.42857143
3680,25254935.42857143
3681,24306065.57142857
3682,209520394.57142857
3683,9759550.357142856
3684,52532953.35714286
3685,115576505.5
3686,34839806.85714286
3687,114944311.07142857
3688,7220008.142857143
3689,670399.3571428572
3690,86334701.71428572
3691,8770143.214285715
3692,10861407.714285715
3693,129593154.5
3694,174764180.5
3695,74598060.21428572
3696,51166232.928571425
3697,53026966.571428575
3698,42051178.071428575
3699,27560645.714285713
3700,33224526.285714287
3701,51987872.14285714
3702,2514422.1428571427
3703,92881189.92857143
3704,37468961.78571428
3705,15284372.214285715
3706,93121903.14285715
3707,1522624.7857142857
3708,14522593.57142857
3709,315889351.85714287
3710,27738859.785714287
3711,10543789.857142856
3712,27407924.14285714
3713,44454478.571428575
3714,2837799.1428571427
3715,20466341.714285713
3716,6610365.5
3717,141199.92857142858
3718,9769031.714285715
3719,62766760.64285714
3720,27091868.714285713
3721,669637.9285714285
3722,59134937.571428575
3723,15423838.42857143
3724,16823334.92857143
3725,29335798.92857143
3726,9648324.0
3727,73486687.28571428
3728,205439142.14285713
3729,11446938.285714285
3730,99168633.0
3731,189906682.07142857
3732,1692926.357142857
3733,247469150.2142857
3734,241223998.2857143
3735,60706894.21428572
3736,9393793.285714285
3737,26150572.285714287
3738,1409029.357142857
3739,50796237.28571428
3740,23543371.35714286
3741,16009320.42857143
3742,50967824.14285714
3743,23126607.14285714
3744,130097548.71428572
3745,20913236.785714287
3746,141560733.07142857
3747,632744.7857142857
3748,6491580.642857143
3749,7608145.071428572
3750,4674460.785714285
3751,7782284.428571428
3752,5018111.642857143
3753,24284539.57142857
3754,62561035.85714286
3755,61404659.14285714
3756,23082879.85714286
3757,375660766.71428573
3758,119610671.35714285
3759,7334805.142857143
3760,245039599.5
3761,64402406.28571428
3762,295012567.4285714
3763,21131326.214285713
3764,66722048.21428572
3765,11916226.92857143
3766,9682701.07142857
3767,82113589.07142857
3768,15537126.857142856
3769,7808905.714285715
3770,8548657.642857144
3771,47440092.78571428
3772,15731151.57142857
3773,53072107.78571428
3774,18286762.92857143
3775,156969517.07142857
3776,68806826.78571428
3777,6023301.142857143
3778,664749.9285714285
3779,22876428.714285713
3780,2652409.0714285714
3781,35121937.85714286
3782,4600675.0
3783,23043768.92857143
3784,9322609.214285715
3785,334687130.35714287
3786,22103825.64285714
3787,183863478.5
3788,541347664.9285715
3789,14669227.07142857
3790,3858310.6428571427
3791,18743665.64285714
3792,837823.3571428572
3793,3479989.8571428573
3794,8643614.642857144
3795,576789007.7142857
3796,31773240.285714287
3797,32352828.92857143
3798,91164953.85714285
3799,6180770.357142857
3800,5825055.5
3801,98725418.57142857
3802,2123794.714285714
3803,23409185.57142857
3804,790167.0
3805,10885786.57142857
3806,150375346.2142857
3807,5069382.571428572
3808,2386835.785714286
3809,33067589.85714286
3810,5603611.571428572
3811,13433419.57142857
3812,3766716.9285714286
3813,1236657.7142857143
3814,16234371.57142857
3815,83651250.78571428
3816,132627866.28571428
3817,215790437.57142857
3818,121290538.57142857
3819,49011436.5
3820,89926259.5
3821,108996467.14285715
3822,14350738.785714285
3823,10580644.214285715
3824,2149620.8571428573
3825,12248629.642857144
3826,76142252.0
3827,40396392.928571425
3828,19663027.64285714
3829,79848.28571428571
3830,49931441.571428575
3831,2837309.714285714
3832,153337589.42857143
3833,31607119.57142857
3834,37134428.64285714
3835,8697908.42857143
3836,4280597.214285715
3837,58097974.78571428
3838,147934941.2142857
3839,9949375.07142857
3840,30158240.57142857
3841,9467286.714285715
3842,16636235.214285715
3843,99283032.92857143
3844,937252.2142857143
3845,323598.4285714286
3846,2941374.714285714
3847,4039583.4285714286
3848,6730703.142857143
3849,134954719.5
3850,53763445.571428575
3851,61276625.35714286
3852,5911888.642857143
3853,92185638.0
3854,1413399.2857142857
3855,1837293.7142857143
3856,24948552.42857143
3857,686253700.0
3858,167444.5
3859,7532636.571428572
3860,22451947.0
3861,60005591.14285714
3862,7800212.142857143
3863,88982543.35714285
3864,104403994.85714285
3865,75014429.14285715
3866,5356062.428571428
3867,114068525.14285715
3868,27538577.92857143
3869,99990605.42857143
3870,109163726.78571428
3871,737002513.2142857
3872,26784260.42857143
3873,50341320.928571425
3874,10529678.92857143
3875,81184094.35714285
3876,932411.9285714285
3877,99361252.07142857
3878,146268183.0
3879,321195234.5714286
3880,15361255.785714285
3881,268309.71428571426
3882,8494205.57142857
3883,5739556.357142857
3884,616709065.7142857
3885,15622810.714285715
3886,53529115.64285714
3887,23485920.57142857
3888,10118814.857142856
3889,62602519.571428575
3890,142767377.0
3891,11280828.285714285
3892,15191467.5
3893,402173039.78571427
3894,103597412.21428572
3895,41166224.5
3896,55796835.71428572
3897,15183412.285714285
3898,16129977.785714285
3899,695852801.5714285
3900,75798500.5
3901,7354460.428571428
3902,887786.0
3903,17693686.714285713
3904,15274190.857142856
3905,20708930.14285714
3906,99696295.21428572
3907,7507659.285714285
3908,21266306.285714287
3909,2515707.8571428573
3910,13705849.714285715
3911,2441745.714285714
3912,12057478.214285715
3913,84966100.57142857
3914,70782726.57142857
3915,334978685.0714286
3916,403540.64285714284
3917,10138767.142857144
3918,6192113.0
3919,40209021.571428575
3920,82075418.21428572
3921,14451186.642857144
3922,13748103.07142857
3923,20313963.285714287
3924,24096941.14285714
3925,224932606.5
3926,11959963.285714285
3927,158763897.42857143
3928,107613569.14285715
3929,111113525.78571428
3930,9179871.357142856
3931,19124458.35714286
3932,23766582.214285713
3933,26903883.07142857
3934,33514064.214285713
3935,469619.78571428574
3936,10377727.5
3937,269741685.0714286
3938,6866424.428571428
3939,59302040.571428575
3940,5847936.714285715
3941,53746549.0
3942,275389971.28571427
3943,587121219.5
3944,6051204.857142857
3945,41529005.21428572
3946,2725721.9285714286
3947,111605328.21428572
3948,15026931.0
3949,1960974.7142857143
3950,4049185.8571428573
3951,14811744.214285715
3952,79428117.14285715
3953,71384883.42857143
3954,432299596.5714286
3955,9860770.357142856
3956,163322540.57142857
3957,3839913.6428571427
3958,1523631.142857143
3959,12283361.07142857
3960,5990235.357142857
3961,60966855.071428575
3962,1913609.2142857143
3963,27299553.57142857
3964,758914681.2142857
3965,128373035.5
3966,93869195.71428572
3967,361005756.4285714
3968,59471760.071428575
3969,24579168.07142857
3970,37141281.28571428
3971,25856005.5
3972,43628200.28571428
3973,61846739.928571425
3974,14156944.07142857
3975,254687018.0
3976,86748002.14285715
3977,100229911.71428572
3978,162522085.5
3979,10271023.714285715
3980,4691624.5
3981,1771619.642857143
3982,11603895.214285715
3983,18083161.785714287
3984,233840532.7142857
3985,2098320.1428571427
3986,876714150.7857143
3987,36503530.071428575
3988,20196083.214285713
3989,43105643.5
3990,72553515.14285715
3991,2456177.3571428573
3992,1965903.0714285714
3993,7136727.785714285
3994,67359662.0
3995,34559586.64285714
3996,75163970.92857143
3997,23696854.85714286
3998,113745798.5
3999,16927604.714285713
4000,92985054.85714285
4001,7658609.642857143
4002,248809185.7142857
4003,2222186.0
4004,71113734.71428572
4005,620927.2142857143
4006,38300311.21428572
4007,3604331.5714285714
4008,13814362.42857143
4009,21888750.14285714
4010,5949398.714285715
4011,27200553.64285714
4012,140177067.2142857
4013,68417523.0
4014,2082164.2857142857
4015,71265082.35714285
4016,40544654.14285714
4017,9707984.142857144
4018,117416862.07142857
4019,315789542.78571427
4020,36560813.28571428
4021,86682532.21428572
4022,14854311.357142856
4023,176550506.7857143
4024,22306215.214285713
4025,1072121.0
4026,108613290.42857143
4027,80130833.42857143
4028,2612989.9285714286
4029,129110.42857142857
4030,51469505.5
4031,87961854.85714285
4032,105194.71428571429
4033,22471437.0
4034,13477116.92857143
4035,75856392.07142857
4036,7585148.857142857
4037,20706183.07142857
4038,21432240.64285714
4039,19186782.92857143
4040,20303935.35714286
4041,5832473.928571428
4042,68380447.5
4043,6510482.142857143
4044,76656701.78571428
4045,155001179.92857143
4046,15376892.285714285
4047,389038025.64285713
4048,20636754.42857143
4049,5568052.071428572
4050,2259676.5
4051,450571324.5
4052,37911672.28571428
4053,2604631.5
4054,2720169.4285714286
4055,30166947.42857143
4056,18260192.85714286
4057,3569242.9285714286
4058,41960500.28571428
4059,5481236.5
4060,49492431.71428572
4061,292823556.28571427
4062,81658985.28571428
4063,29997526.714285713
4064,366798943.71428573
4065,60635578.71428572
4066,7456939.714285715
4067,41010592.78571428
4068,10358715.42857143
4069,45856623.571428575
4070,27058965.64285714
4071,25381216.714285713
4072,20958973.0
4073,179357571.42857143
4074,13075548.357142856
4075,23434856.5
4076,57653907.5
4077,172702739.64285713
4078,7551065.142857143
4079,97046480.42857143
4080,11666177.357142856
4081,23728789.0
4082,293041571.28571427
4083,69459287.21428572
4084,1585700.2142857143
4085,41221099.14285714
4086,130014407.14285715
4087,27225328.07142857
4088,54200977.78571428
4089,23058703.07142857
4090,4404512.928571428
4091,168330681.85714287
4092,93128652.35714285
4093,72749049.14285715
4094,11200423.57142857
4095,145790563.14285713
4096,14118544.714285715
4097,46128890.71428572
4098,9812265.857142856
4099,10496161.214285715
4100,46729041.28571428
4101,33161619.785714287
4102,10317801.0
4103,40502725.14285714
4104,5810651.857142857
4105,3160989.5
4106,15009878.285714285
4107,1467629.357142857
4108,18424802.285714287
4109,5202634.5
4110,24743625.07142857
4111,4797057.357142857
4112,30838682.14285714
4113,5277024.5
4114,288656570.4285714
4115,7810125.357142857
4116,32551828.214285713
4117,6982285.785714285
4118,109606899.14285715
4119,20679321.785714287
4120,4168052.714285714
4121,13517207.142857144
4122,156303485.64285713
4123,17070640.42857143
4124,60379068.571428575
4125,12523427.0
4126,17754608.64285714
4127,4693992.0
4128,21587270.214285713
4129,2568743.1428571427
4130,12390091.0
4131,122338603.71428572
4132,227665391.35714287
4133,30927424.785714287
4134,26319782.64285714
4135,23306142.64285714
4136,491807575.64285713
4137,9411736.357142856
4138,49801048.78571428
4139,20530303.14285714
4140,13491106.0
4141,26479846.0
4142,47064583.428571425
4143,67130067.07142857
4144,3441475.6428571427
4145,32784002.57142857
4146,16858732.0
4147,930281.7857142857
4148,23497932.35714286
4149,15494455.642857144
4150,976132.4285714285
4151,5826016.857142857
4152,42456530.21428572
4153,36444020.571428575
4154,9072762.57142857
4155,40156201.428571425
4156,1961076.142857143
4157,4663065.285714285
4158,18938615.92857143
4159,172519727.92857143
4160,384462214.85714287
4161,15680265.285714285
4162,22479944.07142857
4163,135295459.2857143
4164,8283419.214285715
4165,9943898.42857143
4166,3478006.9285714286
4167,261623878.92857143
4168,5508509.857142857
4169,9420818.57142857
4170,12955275.214285715
4171,136174984.2142857
4172,128979847.64285715
4173,38621372.428571425
4174,5531071.5
4175,13900414.142857144
4176,20596827.0
4177,1024634.2142857143
4178,446600109.28571427
4179,3516006.0714285714
4180,94805776.28571428
4181,93630134.21428572
4182,14430962.214285715
4183,125422600.14285715
4184,34651368.928571425
4185,11315062.142857144
4186,15252791.714285715
4187,23103565.92857143
4188,15403862.57142857
4189,10086916.5
4190,2986625.1428571427
4191,1389257.9285714286
4192,1265287.2142857143
4193,209810101.64285713
4194,218649211.0
4195,25618564.714285713
4196,21566835.64285714
4197,61236765.0
4198,463850.78571428574
4199,12555995.714285715
4200,116710808.07142857
4201,72137980.21428572
4202,193536717.42857143
4203,39664039.14285714
4204,111140271.07142857
4205,3914429.714285714
4206,50961094.28571428
4207,444025834.4285714
4208,616959759.7142857
4209,85154114.28571428
4210,110140782.78571428
4211,66682080.64285714
4212,496165706.71428573
4213,5523406.714285715
4214,26760377.42857143
4215,11380815.857142856
4216,8070670.857142857
4217,10624898.57142857
4218,83941725.35714285
4219,16288951.357142856
4220,33797561.428571425
4221,134000.64285714287
4222,26263239.0
4223,52419521.64285714
4224,7562599.0
4225,36301937.78571428
4226,38092720.0
4227,34807658.428571425
4228,1524536.2142857143
4229,75602407.64285715
4230,26324436.85714286
4231,10065508.142857144
4232,14107234.0
4233,161284641.57142857
4234,45807462.64285714
4235,43544442.21428572
4236,31192901.285714287
4237,35626728.64285714
4238,47558164.21428572
4239,203039852.2857143
4240,364363262.0
4241,225916917.7857143
4242,36986416.071428575
4243,2893880.785714286
4244,118568646.57142857
4245,8241774.285714285
4246,17537911.35714286
4247,53464604.14285714
4248,13261932.0
4249,22589418.0
4250,43291127.071428575
4251,5356181.357142857
4252,119619577.35714285
4253,79636544.92857143
4254,41032113.071428575
4255,76504536.57142857
4256,368119930.5714286
4257,112814342.92857143
4258,40468519.14285714
4259,5959143.5
4260,142861467.2857143
4261,6589417.142857143
4262,5535767.428571428
4263,11901212.5
4264,476236402.35714287
4265,22274741.5
4266,5621603.285714285
4267,20518330.214285713
4268,12326474.714285715
4269,10517783.785714285
4270,519183004.28571427
4271,55622903.14285714
4272,1516733.857142857
4273,60415519.5
4274,75301053.92857143
4275,10030072.07142857
4276,24307780.57142857
4277,89549713.64285715
4278,35089303.71428572
4279,130314546.42857143
4280,3887763.4285714286
4281,3884076.4285714286
4282,49748462.071428575
4283,1758279.5
4284,13348828.07142857
4285,369696.85714285716
4286,426525388.0
4287,61255377.64285714
4288,58518232.928571425
4289,177617354.64285713
4290,85582734.64285715
4291,13315118.5
4292,14303918.857142856
4293,32837176.714285713
4294,142340534.0
4295,93563491.21428572
4296,46822517.071428575
4297,57882813.64285714
4298,4218068.642857143
4299,9314497.214285715
4300,42292049.64285714
4301,8847704.214285715
4302,22480036.14285714
4303,6113696.5
4304,75087118.21428572
4305,28932821.57142857
4306,62038702.928571425
4307,104177.57142857143
4308,1514714.357142857
4309,50540056.85714286
4310,5197327.0
4311,4389543.142857143
4312,115822968.57142857
4313,170117969.07142857
4314,14800071.785714285
4315,196215371.2142857
4316,294937094.21428573
4317,3263302.785714286
4318,44728888.85714286
4319,2058521.0714285714
4320,9843806.857142856
4321,73365232.42857143
4322,6367131.428571428
4323,31841973.92857143
4324,2678072.214285714
4325,7692741.785714285
4326,9561844.714285715
4327,53067901.85714286
4328,2413306.0714285714
4329,3768971.714285714
4330,998805810.5
4331,66873248.35714286
4332,105738935.5
4333,5046960.0
4334,96304814.35714285
4335,149899335.92857143
4336,59809900.071428575
4337,753776.3571428572
4338,252323746.42857143
4339,203021980.07142857
4340,22510008.57142857
4341,20064515.92857143
4342,12046053.07142857
4343,45046268.071428575
4344,4290036.928571428
4345,20481383.214285713
4346,63943478.428571425
4347,120673652.42857143
4348,2235567.285714286
4349,309749398.35714287
4350,13636755.357142856
4351,204724469.35714287
4352,3381883.285714286
4353,105360472.0
4354,39441644.0
4355,47548688.071428575
4356,11140356.57142857
4357,157771517.35714287
4358,22131132.35714286
4359,102565854.42857143
4360,71115405.57142857
4361,105712824.57142857
4362,13705959.07142857
4363,100712004.71428572
4364,84970829.07142857
4365,8757896.42857143
4366,33870929.0
4367,51857481.571428575
4368,104016055.28571428
4369,34542277.71428572
4370,122768391.92857143
4371,91177821.14285715
4372,29602473.57142857
4373,11533302.214285715
4374,35517616.428571425
4375,3277377.214285714
4376,596571.8571428572
4377,7064242.0
4378,78485473.71428572
4379,113779061.71428572
4380,104385974.07142857
4381,91218456.07142857
4382,331073043.14285713
4383,166893364.5
4384,72614159.35714285
4385,962742.0
4386,176683701.85714287
4387,75405990.28571428
4388,118461307.28571428
4389,239119031.35714287
4390,13232009.0
4391,1216790.857142857
4392,83116888.78571428
4393,96623630.64285715
4394,40834400.428571425
4395,33975174.35714286
4396,52893918.64285714
4397,25495225.14285714
4398,205157566.07142857
4399,3262287.1428571427
4400,21491444.64285714
4401,34026203.28571428
4402,34169908.64285714
4403,30573321.285714287
4404,126991778.85714285
4405,72474422.71428572
4406,2424074.214285714
4407,3916756.785714286
4408,2918178.214285714
4409,2578427.4285714286
4410,10378878.285714285
4411,4841109.5
4412,99352645.07142857
4413,126093183.57142857
4414,537887.2857142857
4415,3951655.5714285714
4416,1098589.2857142857
4417,245707071.85714287
4418,4358799.642857143
4419,17864633.42857143
4420,467433420.64285713
4421,4134557.1428571427
4422,13849268.785714285
4423,1476615.9285714286
4424,5733313.071428572
4425,28120816.14285714
4426,72229725.14285715
4427,96173939.85714285
4428,4629232.714285715
4429,4833073.0
4430,199496.7142857143
4431,17852053.92857143
4432,171828790.14285713
4433,296218520.35714287
4434,432472945.0714286
4435,16991694.5
4436,35672979.5
4437,9308189.5
4438,3302277.214285714
4439,16613706.42857143
4440,8643964.285714285
4441,40103108.0
4442,3790348.9285714286
4443,5034470.5
4444,14805173.357142856
4445,18492682.07142857
4446,12990360.57142857
4447,196478525.64285713
4448,12116772.142857144
4449,6664251.428571428
4450,136472490.2142857
4451,483587524.9285714
4452,60339355.28571428
4453,2220884.4285714286
4454,1796356.4285714286
4455,5450035.571428572
4456,58034391.71428572
4457,4808123.785714285
4458,9845072.642857144
4459,153251095.07142857
4460,8638102.357142856
4461,104781629.5
4462,48579161.5
4463,14262910.0
4464,89432126.57142857
4465,18038342.785714287
4466,3079209.714285714
4467,31598369.785714287
4468,13292484.5
4469,33153310.285714287
4470,37002118.64285714
4471,1067724.4285714286
4472,123312140.28571428
4473,20060216.42857143
4474,10954596.07142857
4475,10011887.714285715
4476,518035.4285714286
4477,71755157.5
4478,7272609.928571428
4479,12985230.92857143
4480,83990656.21428572
4481,19789429.785714287
4482,15845629.357142856
4483,3673161.714285714
4484,8216441.5
4485,61872046.85714286
4486,53525896.35714286
4487,14872573.785714285
4488,75550983.5
4489,44875636.0
4490,942193.9285714285
4491,156004942.2142857
4492,21766826.85714286
4493,13123994.785714285
4494,49182109.428571425
4495,50129827.5
4496,43706084.5
4497,11392846.0
4498,93716878.21428572
4499,536939.7857142857
4500,247956565.2142857
4501,136919258.57142857
4502,14792859.5
4503,543070419.0
4504,12867980.0
4505,7680354.0
4506,116671165.0
4507,7155040.285714285
4508,4088646.714285714
4509,8042507.642857143
4510,8956500.0
4511,175867172.0
4512,1775667.642857143
4513,76212519.0
4514,10438268.357142856
4515,275033823.35714287
4516,3697660.6428571427
4517,9976152.214285715
4518,280862234.28571427
4519,58551204.428571425
4520,8988676.785714285
4521,50643382.071428575
4522,44769330.28571428
4523,25614047.785714287
4524,24917039.07142857
4525,23256429.57142857
4526,10879823.285714285
4527,59726710.71428572
4528,8299360.5
4529,338492.9285714286
4530,30135158.0
4531,5739211.357142857
4532,10642005.785714285
4533,113645770.64285715
4534,6729448.214285715
4535,102638981.78571428
4536,13156801.285714285
4537,17444588.785714287
4538,49783955.14285714
4539,4167987.3571428573
4540,118231945.14285715
4541,13081101.07142857
4542,74950938.71428572
4543,168999894.85714287
4544,20880253.07142857
4545,6300016.357142857
4546,1348912.9285714286
4547,2873138.1428571427
4548,4361194.214285715
4549,3628401.5714285714
4550,9159418.42857143
4551,759522584.7857143
4552,61341164.28571428
4553,23451807.57142857
4554,395796069.35714287
4555,2079788.2142857143
4556,61059398.78571428
4557,37430846.85714286
4558,35267982.928571425
4559,120135323.14285715
4560,69416259.0
4561,19892732.285714287
4562,1789162.0714285714
4563,227663168.7142857
4564,5054937.357142857
4565,2034091.357142857
4566,50130704.5
4567,69287378.57142857
4568,17677064.07142857
4569,39942597.85714286
4570,14343631.857142856
4571,3975694.785714286
4572,53987936.71428572
4573,25955328.42857143
4574,868612.5714285715
4575,5222340.714285715
4576,27233584.285714287
4577,20450772.714285713
4578,58809132.28571428
4579,21000085.14285714
4580,62309672.21428572
4581,10212111.92857143
4582,126371504.78571428
4583,207758975.7142857
4584,3284957.8571428573
4585,175822788.42857143
4586,18524964.07142857
4587,1043310.0
4588,146820329.64285713
4589,8636772.285714285
4590,1283506584.857143
4591,32930292.5
4592,1717359.5714285714
4593,3072737.5714285714
4594,45662640.85714286
4595,655702385.4285715
4596,377935227.35714287
4597,12795404.857142856
4598,157234916.42857143
4599,25240300.42857143
4600,7289221.857142857
4601,90666242.28571428
4602,30758664.35714286
4603,24750033.14285714
4604,65637582.78571428
4605,260553643.07142857
4606,153654492.2857143
4607,52128771.14285714
4608,18992324.92857143
4609,55426313.21428572
4610,182040411.2857143
4611,86786479.85714285
4612,28509655.214285713
4613,54214859.5
4614,49481886.071428575
4615,28712973.64285714
4616,406031.0714285714
4617,58278891.78571428
4618,5143580.142857143
4619,20114278.214285713
4620,4446148.857142857
4621,347998096.9285714
4622,29053090.0
4623,24992226.57142857
4624,4113415.6428571427
4625,14946592.07142857
4626,12733095.214285715
4627,21146208.214285713
4628,3340427.0714285714
4629,5784531.857142857
4630,18228179.57142857
4631,9672110.92857143
4632,15151315.857142856
4633,10205191.714285715
4634,2516047.5
4635,400665.0
4636,109916184.42857143
4637,4446421.5
4638,18881616.714285713
4639,6822999.928571428
4640,54100480.0
4641,12547706.214285715
4642,27035907.14285714
4643,47733419.14285714
4644,3923375.0714285714
4645,2918533.6428571427
4646,917000521.5
4647,5262349.0
4648,8384027.142857143
4649,113466126.71428572
4650,96516684.35714285
4651,47756787.71428572
4652,479127215.5
4653,896238.7142857143
4654,56981439.5
4655,76650984.28571428
4656,11927907.714285715
4657,31459986.0
4658,30995674.785714287
4659,13062714.5
4660,20343614.07142857
4661,18159775.0
4662,11252367.142857144
4663,10507273.857142856
4664,2238818.214285714
4665,40229282.571428575
4666,54256367.071428575
4667,403203602.35714287
4668,5601095.428571428
4669,20546881.214285713
4670,35518489.85714286
4671,8776278.5
4672,1682424.0714285714
4673,20030938.35714286
4674,11937391.357142856
4675,9459208.285714285
4676,11942293.0
4677,291595.28571428574
4678,13540234.785714285
4679,345237.5714285714
4680,1047959.3571428572
4681,41258966.071428575
4682,9248720.92857143
4683,3691085.714285714
4684,1583430.357142857
4685,18259006.0
4686,6038518.785714285
4687,13921531.357142856
4688,154780825.0
4689,23190107.35714286
4690,13100654.5
4691,23359759.92857143
4692,15628956.642857144
4693,11043355.357142856
4694,26935247.714285713
4695,67207249.57142857
4696,19477943.785714287
4697,100336625.71428572
4698,7040875.0
4699,5363616.357142857
4700,141687900.07142857
4701,178321849.0
4702,11275367.642857144
4703,46644503.21428572
4704,106189186.57142857
4705,33019750.85714286
4706,96203146.92857143
4707,10524528.07142857
4708,50564697.71428572
4709,790770.4285714285
4710,257752848.42857143
4711,24579101.214285713
4712,3846033.0714285714
4713,259752518.5
4714,6135784.142857143
4715,1059552.7142857143
4716,7914763.357142857
4717,23719935.07142857
4718,16316122.5
4719,136958550.2857143
4720,9965624.357142856
4721,11537064.857142856
4722,95274204.07142857
4723,6648987.285714285
4724,144785635.5
4725,11430973.5
4726,16135813.92857143
4727,17714992.714285713
4728,35208276.428571425
4729,179135353.57142857
4730,1589631.142857143
4731,37466288.0
4732,595177905.5
4733,1653320.4285714286
4734,364840416.0
4735,70932052.35714285
4736,18316067.14285714
4737,97277982.85714285
4738,6748109.857142857
4739,49201444.428571425
4740,543397560.0714285
4741,651312.7142857143
4742,126216686.92857143
4743,841546.3571428572
4744,1431875.0
4745,345565097.28571427
4746,42345122.571428575
4747,17246948.0
4748,111697108.85714285
4749,9917093.214285715
4750,3636834.785714286
4751,106282172.07142857
4752,1777013.7857142857
4753,22798230.214285713
4754,593574396.7857143
4755,16470943.214285715
4756,63363394.28571428
4757,133072338.92857143
4758,139241435.7857143
4759,354115216.4285714
4760,4585036.571428572
4761,63920567.35714286
4762,4887455.285714285
4763,2583039.5
4764,413221509.0714286
4765,10996179.857142856
4766,158050917.57142857
4767,61064890.0
4768,110725339.14285715
4769,76483885.14285715
4770,86367653.64285715
4771,241980106.64285713
4772,16071978.214285715
4773,17259801.214285713
4774,35167476.928571425
4775,2520901.1428571427
4776,4407163.071428572
4777,262492780.07142857
4778,61078555.85714286
4779,7674682.0
4780,189889970.14285713
4781,436309.14285714284
4782,41871560.571428575
4783,15104762.0
4784,23401586.35714286
4785,33287391.35714286
4786,60655436.5
4787,92910735.5
4788,127376005.92857143
4789,11264918.5
4790,119576659.42857143
4791,4438437.428571428
4792,18523061.35714286
4793,31886977.64285714
4794,16377217.714285715
4795,10938398.07142857
4796,11431214.07142857
4797,753348418.3571428
4798,82394281.78571428
4799,30931708.285714287
4800,43117946.28571428
4801,13461649.214285715
4802,23344905.14285714
4803,5204641.642857143
4804,25720777.64285714
4805,100175.14285714286
4806,37197211.5
4807,2326991.5
4808,20282111.92857143
4809,125253873.07142857
4810,1192756.2857142857
4811,16359857.785714285
4812,116263257.92857143
4813,151627215.2857143
4814,2726674.5
4815,77544895.35714285
4816,24060957.5
4817,16228328.714285715
4818,10001938.357142856
4819,12633876.07142857
4820,42804223.14285714
4821,1301143.9285714286
4822,3157010.9285714286
4823,14505067.285714285
4824,39985473.21428572
4825,58365369.928571425
4826,11823083.07142857
4827,43831896.14285714
4828,21090331.07142857
4829,34546142.071428575
4830,48663994.571428575
4831,64063995.35714286
4832,18367919.64285714
4833,41849498.571428575
4834,9885727.0
4835,81228789.42857143
4836,11387599.5
4837,311946450.21428573
4838,67890475.64285715
4839,471940.5
4840,445173069.9285714
4841,177681.7857142857
4842,93001245.14285715
4843,97929267.0
4844,880919.7142857143
4845,19733545.285714287
4846,5942642.214285715
4847,429717458.5714286
4848,36741520.78571428
4849,242828610.5
4850,36098954.35714286
4851,1228192.4285714286
4852,11493190.357142856
4853,165299712.35714287
4854,23248505.57142857
4855,75613784.07142857
4856,7736473.857142857
4857,37916056.5
4858,35215836.571428575
4859,20305139.285714287
4860,413323204.9285714
4861,166561763.2142857
4862,210882581.7142857
4863,170512354.35714287
4864,58233095.64285714
4865,36383057.571428575
4866,15027645.142857144
4867,202996904.2857143
4868,23743374.0
4869,5223344.5
4870,15014128.07142857
4871,36230479.64285714
4872,2414024.785714286
4873,26231793.14285714
4874,90057904.5
4875,44676113.928571425
4876,51697090.35714286
4877,70897441.35714285
4878,11505806.214285715
4879,67144472.21428572
4880,13236786.642857144
4881,3844038.214285714
4882,24967744.85714286
4883,46849894.928571425
4884,114612510.71428572
4885,9831855.214285715
4886,41662097.64285714
4887,2776910.714285714
4888,9303396.285714285
4889,1207353.9285714286
4890,81589060.0
4891,1342836.142857143
4892,6057713.071428572
4893,85530787.14285715
4894,16645244.857142856
4895,17965634.57142857
4896,108189556.21428572
4897,7524384.928571428
4898,125577147.35714285
4899,83558977.5
4900,260001151.14285713
4901,31831692.64285714
4902,6792644.714285715
4903,13614043.857142856
4904,224956026.14285713
4905,16024508.5
4906,262918.0714285714
4907,951525413.1428572
4908,65394818.78571428
4909,52336155.35714286
4910,46307148.35714286
4911,19195284.5
4912,78375437.14285715
4913,31923614.285714287
4914,44507345.0
4915,93012814.21428572
4916,34030292.571428575
4917,14345194.0
4918,195263194.7857143
4919,35213374.78571428
4920,54106667.35714286
4921,91819095.42857143
4922,13759156.07142857
4923,3141177.214285714
4924,95938082.57142857
4925,93483219.35714285
4926,3708548.8571428573
4927,19410798.785714287
4928,19318382.35714286
4929,23963086.85714286
4930,9022594.92857143
4931,17919340.714285713
4932,12548381.92857143
4933,135986506.57142857
4934,7328069.142857143
4935,453398540.78571427
4936,6709942.785714285
4937,172150.0
4938,12339174.642857144
4939,2178289.714285714
4940,10037831.07142857
4941,93289818.28571428
4942,1274728.7142857143
4943,70154417.14285715
4944,133591238.71428572
4945,5176752.714285715
4946,895755.5714285715
4947,6853378.0
4948,5642239.214285715
4949,54709053.071428575
4950,28385817.85714286
4951,38543534.35714286
4952,21878861.07142857
4953,108776640.28571428
4954,65711245.64285714
4955,2677931.285714286
4956,1423385.0714285714
4957,32276025.214285713
4958,8943493.42857143
4959,46710156.571428575
4960,4489073.785714285
4961,104571204.64285715
4962,14650733.0
4963,45488785.71428572
4964,9191130.357142856
4965,2340595.0714285714
4966,6467811.0
4967,54481121.14285714
4968,12387189.5
4969,1103267.0
4970,1110488.5714285714
4971,58694732.571428575
4972,25432333.07142857
4973,4541509.5
4974,165454662.0
4975,33272531.07142857
4976,515761.64285714284
4977,106337726.28571428
4978,12362614.57142857
4979,24364522.714285713
4980,46205330.0
4981,19499971.714285713
4982,104878073.07142857
4983,676918.5714285715
4984,85543216.35714285
4985,436490302.78571427
4986,3324898.785714286
4987,8364544.071428572
4988,3267648.0714285714
4989,42970195.28571428
4990,3498310.0
4991,14028397.357142856
4992,176956534.07142857
4993,24782843.92857143
4994,83681923.57142857
4995,174855.5
4996,43571068.85714286
4997,38322234.28571428
4998,21276633.785714287
4999,116872728.21428572
5000,151969755.07142857
5001,312590625.14285713
5002,219860031.0
5003,94536010.14285715
5004,29096233.714285713
5005,81589827.57142857
5006,357587502.4285714
5007,52095479.28571428
5008,374147739.71428573
5009,40308767.78571428
5010,13244763.285714285
5011,18544179.14285714
5012,69401538.28571428
5013,69675082.78571428
5014,87607833.85714285
5015,27852608.85714286
5016,233328030.0
5017,32678706.214285713
5018,25373412.85714286
5019,79618195.57142857
5020,9549415.92857143
5021,11156296.214285715
5022,39906881.28571428
5023,7908122.571428572
5024,98423557.07142857
5025,4586763.285714285
5026,168057089.07142857
5027,57506294.5
5028,111718090.78571428
5029,78900194.42857143
5030,83526320.78571428
5031,6420469.214285715
5032,115085556.0
5033,4149963.214285714
5034,9755288.142857144
5035,2974780.785714286
5036,5942412.357142857
5037,41208437.21428572
5038,423208536.14285713
5039,3510426.285714286
5040,76561010.64285715
5041,48908094.78571428
5042,21252713.5
5043,84360052.5
5044,415160189.0
5045,13096305.714285715
5046,5781930.5
5047,5518173.214285715
5048,6238343.5
5049,108280660.21428572
5050,1355592.0
5051,322281585.85714287
5052,180015360.2142857
5053,19668061.35714286
5054,26399523.0
5055,26694218.214285713
5056,28625808.92857143
5057,13212195.5
5058,8755559.285714285
5059,72812491.5
5060,136620635.14285713
5061,33344225.0
5062,5320298.785714285
5063,1005076.4285714285
5064,72024045.92857143
5065,1990521.0
5066,16746267.57142857
5067,44224644.5
5068,23347437.85714286
5069,80734893.57142857
5070,22617411.714285713
5071,128450423.85714285
5072,73891832.07142857
5073,9997529.0
5074,6441828.5
5075,11196530.785714285
5076,33470329.35714286
5077,161222902.0
5078,5303977.785714285
5079,3782674.6428571427
5080,71520298.92857143
5081,109727583.42857143
5082,41970197.85714286
5083,4121392.4285714286
5084,14128509.785714285
5085,2353848.1428571427
5086,21021986.14285714
5087,5494183.857142857
5088,5710062.928571428
5089,6373878.428571428
5090,8532701.285714285
5091,26842122.214285713
5092,68141632.78571428
5093,54836221.5
5094,131232552.64285715
5095,128139500.92857143
5096,49753236.35714286
5097,1911979.5714285714
5098,7412547.714285715
5099,4858199.857142857
5100,842429.6428571428
5101,2586567.0714285714
5102,43725153.85714286
5103,1836400.5714285714
5104,45097571.85714286
5105,2533616.285714286
5106,7282843.857142857
5107,26833914.714285713
5108,42103230.21428572
5109,221665.7857142857
5110,42100730.071428575
5111,143472492.07142857
5112,14351858.142857144
5113,872473.2142857143
5114,18663544.0
5115,6615412.142857143
5116,17246061.214285713
5117,186909264.92857143
5118,39128335.071428575
5119,1436492.5714285714
5120,649108.6428571428
5121,78044732.42857143
5122,57477825.85714286
5123,36878023.571428575
5124,11841428.285714285
5125,10914492.642857144
5126,37989914.928571425
5127,29624356.35714286
5128,1909561.4285714286
5129,9612034.642857144
5130,67157105.07142857
5131,52954633.35714286
5132,49991067.0
5133,177262921.92857143
5134,118673734.07142857
5135,211940393.2857143
5136,5956510.857142857
5137,63107114.071428575
5138,17174179.14285714
5139,198899549.07142857
5140,97214112.78571428
5141,42608376.85714286
5142,120202381.35714285
5143,101995060.78571428
5144,91107712.07142857
5145,17819920.714285713
5146,9273953.142857144
5147,9674670.07142857
5148,50780841.14285714
5149,4854236.5
5150,404981032.64285713
5151,418768078.0714286
5152,133414774.35714285
5153,27391048.214285713
5154,26742186.0
5155,3413590.714285714
5156,712066912.2857143
5157,6178742.357142857
5158,8472696.5
5159,142718589.7857143
5160,23277224.35714286
5161,39776170.571428575
5162,117481128.92857143
5163,203454982.92857143
5164,757864.4285714285
5165,37414721.928571425
5166,133881264.78571428
5167,9016255.285714285
5168,14055656.5
5169,20200115.57142857
5170,50219380.35714286
5171,97286922.07142857
5172,39456774.5
5173,121489798.92857143
5174,96416185.28571428
5175,9341236.5
5176,13231027.285714285
5177,256941111.7857143
5178,719573660.0714285
5179,1782287.0
5180,21610251.214285713
5181,1877613.142857143
5182,47748588.571428575
5183,4071530.5
5184,36291803.71428572
5185,8853330.785714285
5186,6530215.071428572
5187,3420581.0
5188,17663757.64285714
5189,70343722.78571428
5190,431680055.28571427
5191,59444730.78571428
5192,77058174.5
5193,154566778.2857143
5194,72083553.0
5195,200310791.2857143
5196,42751471.428571425
5197,93435193.0
5198,44666500.0
5199,39897087.0
5200,9890029.642857144
5201,33371467.0
5202,7831993.357142857
5203,2796364.8571428573
5204,323772.5
5205,12484572.07142857
5206,19328123.785714287
5207,5569487.142857143
5208,7171216.642857143
5209,102460304.14285715
5210,36229332.5
5211,5173137.0
5212,14943147.857142856
5213,85072755.14285715
5214,391210.71428571426
5215,10084315.57142857
5216,31951095.07142857
5217,14087385.0
5218,19449390.35714286
5219,16063248.142857144
5220,95405054.21428572
5221,2471920.5714285714
5222,12690528.142857144
5223,181923528.85714287
5224,1511398.5714285714
5225,3329282.5714285714
5226,85255834.92857143
5227,8464389.57142857
5228,29029815.785714287
5229,141059637.92857143
5230,13830234.857142856
5231,12117056.857142856
5232,1040992.2857142857
5233,11920446.42857143
5234,74365963.42857143
5235,18453556.92857143
5236,189292867.85714287
5237,130128831.85714285
5238,39991145.28571428
5239,41817950.64285714
5240,107660887.42857143
5241,50040244.071428575
5242,81005613.07142857
5243,6758320.357142857
5244,91987138.57142857
5245,2770471.3571428573
5246,19247555.5
5247,52358616.64285714
5248,20942334.85714286
5249,61837568.0
5250,258587149.07142857
5251,12748648.0
5252,786962.0
5253,6867189.214285715
5254,250827.0
5255,135590615.0
5256,32909794.64285714
5257,3133032.4285714286
5258,6865804.5
5259,140721574.14285713
5260,16476087.07142857
5261,44355790.78571428
5262,5272153.928571428
5263,56431724.71428572
5264,11078796.57142857
5265,32442633.92857143
5266,49336796.5
5267,1760823.142857143
5268,47339362.14285714
5269,108678614.42857143
5270,74849329.92857143
5271,24919778.214285713
5272,78074574.92857143
5273,1676396.2142857143
5274,55088416.0
5275,33841535.071428575
5276,18800724.07142857
5277,6236735.5
5278,10001776.714285715
5279,6841542.142857143
5280,21387899.214285713
5281,7077736.5
5282,48860831.5
5283,5745725.357142857
5284,12533467.857142856
5285,166628806.14285713
5286,12239153.92857143
5287,10639503.92857143
5288,2629483.8571428573
5289,163306405.14285713
5290,177858851.42857143
5291,453001927.5714286
5292,145548492.42857143
5293,167329907.57142857
5294,2770161.714285714
5295,617272357.7857143
5296,6370899.0
5297,47310554.14285714
5298,89873852.35714285
5299,6251438.0
5300,3370597.6428571427
5301,14453719.5
5302,117036383.42857143
5303,5216831.285714285
5304,8362868.928571428
5305,3989018.9285714286
5306,52761230.35714286
5307,262830547.35714287
5308,624303.8571428572
5309,2352208.5714285714
5310,120220926.07142857
5311,6780636.214285715
5312,156284758.14285713
5313,580615729.1428572
5314,46481620.21428572
5315,1753805.5
5316,51847355.21428572
5317,31874321.14285714
5318,10390640.142857144
5319,17341710.214285713
5320,43526797.0
5321,45676426.428571425
5322,1059237.5
5323,107023178.64285715
5324,81779547.92857143
5325,8386656.285714285
5326,19580982.85714286
5327,156435726.2857143
5328,63548961.64285714
5329,6876473.642857143
5330,111400908.78571428
5331,12584970.642857144
5332,8161261.428571428
5333,55704819.71428572
5334,29709909.14285714
5335,10569827.857142856
5336,18305787.57142857
5337,11270241.07142857
5338,61174301.21428572
5339,38283786.21428572
5340,15012263.214285715
5341,135759074.35714287
5342,174327387.7142857
5343,44333950.78571428
5344,120917850.57142857
5345,464688.14285714284
5346,70811060.85714285
5347,3892003.9285714286
5348,29164734.92857143
5349,1742304.7857142857
5350,4039507.0
5351,122286971.64285715
5352,5094919.785714285
5353,89628591.07142857
5354,109759634.14285715
5355,79551073.14285715
5356,17281879.14285714
5357,1132647.2857142857
5358,45601761.928571425
5359,39166865.14285714
5360,95137585.71428572
5361,10014872.785714285
5362,5163013.142857143
5363,18352149.64285714
5364,5415028.0
5365,125098906.85714285
5366,117523710.5
5367,102069709.35714285
5368,14390692.0
5369,575428928.1428572
5370,19202672.57142857
5371,61140140.28571428
5372,389302794.21428573
5373,57893532.071428575
5374,73327208.92857143
5375,141630255.2857143
5376,121271174.64285715
5377,44441732.0
5378,7459956.357142857
5379,13522446.07142857
5380,78895885.21428572
5381,101453295.07142857
5382,73580904.57142857
5383,2032636.7142857143
5384,315770064.14285713
5385,89022797.14285715
5386,29734416.785714287
5387,4459752.0
5388,239383754.2857143
5389,23460497.07142857
5390,25063715.07142857
5391,39924333.571428575
5392,265025.21428571426
5393,6451842.857142857
5394,30590805.714285713
5395,31529920.07142857
5396,189091318.7857143
5397,1248124.142857143
5398,20651315.214285713
5399,9326818.5
5400,16807119.214285713
5401,139839278.07142857
5402,45912950.71428572
5403,42601684.571428575
5404,2944917.4285714286
5405,123711366.57142857
5406,14336495.42857143
5407,272626173.4285714
5408,491147701.9285714
5409,179804005.2857143
5410,5884055.142857143
5411,20649658.35714286
5412,526878.3571428572
5413,3497865.1428571427
5414,126705769.07142857
5415,120207063.21428572
5416,29345766.214285713
5417,154146451.64285713
5418,542421.4285714285
5419,6532008.071428572
5420,32346761.0
5421,53931953.28571428
5422,83666043.28571428
5423,232408708.64285713
5424,145772245.92857143
5425,40229748.071428575
5426,46402239.35714286
5427,5081212.642857143
5428,2051878.7142857143
5429,81478612.21428572
5430,137343640.14285713
5431,58410606.14285714
5432,116825244.85714285
5433,33856501.85714286
5434,43512986.071428575
5435,10374838.42857143
5436,22868554.85714286
5437,36074447.64285714
5438,11232881.285714285
5439,2145733.6428571427
5440,110354330.85714285
5441,3554726.5714285714
5442,141873800.07142857
5443,90029277.07142857
5444,104457630.64285715
5445,102458557.78571428
5446,109093213.57142857
5447,14699924.142857144
5448,29324286.785714287
5449,100301172.07142857
5450,5198949.357142857
5451,78082123.0
5452,3087558.714285714
5453,268220738.92857143
5454,69948557.14285715
5455,18622315.35714286
5456,11314597.57142857
5457,42840825.71428572
5458,14780404.57142857
5459,14614844.214285715
5460,1617877.5714285714
5461,318725.14285714284
5462,3885361.0
5463,803921072.8571428
5464,3429098.5
5465,40624600.78571428
5466,64068940.85714286
5467,87050596.07142857
5468,89976680.14285715
5469,853397.3571428572
5470,259827867.14285713
5471,136583145.7857143
5472,85461692.78571428
5473,29571700.07142857
5474,26623288.42857143
5475,21860560.85714286
5476,11366315.857142856
5477,23412648.785714287
5478,102556046.5
5479,91521304.0
5480,26932061.285714287
5481,4720674.928571428
5482,44306269.35714286
5483,13718205.92857143
5484,101488666.0
5485,9047524.714285715
5486,33004022.0
5487,541543544.0
5488,104997351.42857143
5489,54737244.071428575
5490,14701674.142857144
5491,202958531.85714287
5492,41006315.28571428
5493,25934992.5
5494,604005.2857142857
5495,31153946.285714287
5496,72878159.92857143
5497,55821877.571428575
5498,21809479.64285714
5499,81635720.64285715
5500,31215955.57142857
5501,4014834.8571428573
5502,4684932.357142857
5503,15642902.07142857
5504,46909230.78571428
5505,1582404.642857143
5506,451058580.64285713
5507,53005858.21428572
5508,126565695.85714285
5509,129913679.14285715
5510,38402606.28571428
5511,14423749.0
5512,81479154.5
5513,2560728.714285714
5514,19785192.714285713
5515,14005810.42857143
5516,2463005.5714285714
5517,320181477.14285713
5518,20335813.64285714
5519,225288986.0
5520,3546115.6428571427
5521,59209183.85714286
5522,61010.857142857145
5523,473765091.0
5524,586548105.7142857
5525,164147093.5
5526,5717959.428571428
5527,979248.3571428572
5528,54511871.0
5529,430783.4285714286
5530,311943465.71428573
5531,1347308.142857143
5532,19102847.5
5533,78475344.92857143
5534,385621379.21428573
5535,1476683.7857142857
5536,1588776.0714285714
5537,14454033.0
5538,39976094.64285714
5539,151482102.57142857
5540,61213187.928571425
5541,180733235.92857143
5542,825027.1428571428
5543,10596200.42857143
5544,89761999.5
5545,884066.0714285715
5546,15201125.07142857
5547,18001918.92857143
5548,18459367.57142857
5549,101323580.14285715
5550,29279106.07142857
5551,24972654.714285713
5552,73911458.71428572
5553,36531303.428571425
5554,12992629.142857144
5555,35753911.5
5556,20743196.85714286
5557,10506136.357142856
5558,579770783.0714285
5559,7414652.357142857
5560,2660417.4285714286
5561,22972032.0
5562,73854485.28571428
5563,149107.42857142858
5564,3378060.0
5565,16257572.785714285
5566,4590019.857142857
5567,7535945.857142857
5568,12035482.42857143
5569,45701008.78571428
5570,37201257.71428572
5571,107717450.85714285
5572,926707.2142857143
5573,185409134.35714287
5574,55625302.64285714
5575,207747376.14285713
5576,99648128.35714285
5577,50224180.71428572
5578,11142206.285714285
5579,19879628.42857143
5580,2349201.0714285714
5581,30601553.714285713
5582,30671861.35714286
5583,62386950.5
5584,50387726.85714286
5585,26685432.07142857
5586,11826919.642857144
5587,41140184.28571428
5588,186502692.85714287
5589,140326964.2142857
5590,2254699.5
5591,29381372.64285714
5592,11374239.42857143
5593,45447196.071428575
5594,6209173.071428572
5595,119354336.5
5596,142226066.64285713
5597,10104678.92857143
5598,17154907.285714287
5599,20696938.214285713
5600,19119911.92857143
5601,43827527.71428572
5602,106067574.42857143
5603,15269543.785714285
5604,59779859.14285714
5605,202196688.92857143
5606,88524273.14285715
5607,49132260.28571428
5608,72516342.42857143
5609,25656253.57142857
5610,24488741.0
5611,63430030.071428575
5612,526331069.14285713
5613,9320284.214285715
5614,15994759.57142857
5615,72483421.42857143
5616,15051618.857142856
5617,291497013.5714286
5618,49541637.5
5619,65033636.0
5620,11337461.857142856
5621,76282863.5
5622,28289527.92857143
5623,43045389.5
5624,482281279.28571427
5625,2054058.142857143
5626,10856466.285714285
5627,117143055.35714285
5628,44260227.0
5629,318553174.0
5630,43653064.85714286
5631,77119746.14285715
5632,122481318.57142857
5633,29804302.14285714
5634,16484078.714285715
5635,105897855.5
5636,3299218.0714285714
5637,13132062.42857143
5638,99136548.57142857
5639,7892837.785714285
5640,12721632.5
5641,96365226.14285715
5642,18438598.35714286
5643,5250670.785714285
5644,519975744.78571427
5645,301040275.9285714
5646,25495964.14285714
5647,15967306.785714285
5648,49468030.928571425
5649,836717.8571428572
5650,148733756.2857143
5651,31642430.42857143
5652,3407933.214285714
5653,152792022.07142857
5654,56888389.85714286
5655,74503356.78571428
5656,643093845.5
5657,12379862.714285715
5658,13904149.5
5659,45348531.21428572
5660,148352944.57142857
5661,18486218.07142857
5662,454362897.0714286
5663,10411726.07142857
5664,6125159.928571428
5665,102713639.71428572
5666,20345171.92857143
5667,28536527.785714287
5668,4006146.5714285714
5669,7372873.357142857
5670,569085131.0
5671,26380948.64285714
5672,26723280.5
5673,164957834.57142857
5674,12851192.142857144
5675,8669377.214285715
5676,999429.6428571428
5677,73555906.42857143
5678,91009202.57142857
5679,7606563.571428572
5680,29883008.64285714
5681,825527276.3571428
5682,1120793.642857143
5683,315496971.78571427
5684,98306369.35714285
5685,26916339.714285713
5686,3155325.9285714286
5687,103521242.57142857
5688,22910254.5
5689,31849507.214285713
5690,6570155.071428572
5691,92633248.5
5692,518800402.71428573
5693,62959929.14285714
5694,75237666.14285715
5695,13181420.57142857
5696,42036182.21428572
5697,262013.5
5698,11800724.0
5699,2820680.785714286
5700,85683573.0
5701,26616395.42857143
5702,39907277.21428572
5703,73167826.07142857
5704,66691053.64285714
5705,12973938.57142857
5706,989891.9285714285
5707,120779772.64285715
5708,41363582.14285714
5709,12678872.857142856
5710,6266733.857142857
5711,40584812.85714286
5712,190266234.7142857
5713,12194906.92857143
5714,15833872.642857144
5715,15318097.142857144
5716,213826.85714285713
5717,14959731.785714285
5718,8438621.0
5719,41441314.571428575
5720,29593465.785714287
5721,104496244.5
5722,10744170.785714285
5723,177050298.2857143
5724,4910691.714285715
5725,2590968.714285714
5726,99513424.07142857
5727,173466312.42857143
5728,25813554.5
5729,189481206.14285713
5730,12267999.142857144
5731,630668.2857142857
5732,8433746.5
5733,20604846.64285714
5734,47464480.85714286
5735,8037814.0
5736,61931168.35714286
5737,86657331.21428572
5738,84137504.71428572
5739,15024255.0
5740,99202556.78571428
5741,122629842.5
5742,58839698.28571428
5743,56798359.071428575
5744,336810.64285714284
5745,22268622.285714287
5746,53612102.35714286
5747,8180841.642857143
5748,133045622.78571428
5749,98623543.42857143
5750,85026050.28571428
5751,94883361.78571428
5752,10550158.142857144
5753,312239432.0
5754,36794592.71428572
5755,104828836.35714285
5756,17579101.14285714
5757,8215618.642857143
5758,451706.64285714284
5759,44523654.28571428
5760,15517202.642857144
5761,357745.85714285716
5762,231181344.35714287
5763,94813611.64285715
5764,11647690.214285715
5765,49506445.0
5766,61010601.71428572
5767,63336132.14285714
5768,136093309.5
5769,333632482.78571427
5770,10042051.214285715
5771,28127878.92857143
5772,37213020.5
5773,380530016.21428573
5774,66003178.85714286
5775,69406634.5
5776,10847674.0
5777,185222352.07142857
5778,146328358.0
5779,346709437.64285713
5780,7526433.928571428
5781,134072152.64285715
5782,64579489.571428575
5783,109935928.0
5784,26399445.57142857
5785,112056198.71428572
5786,22426489.57142857
5787,194998255.57142857
5788,1790758.2857142857
5789,44477635.071428575
5790,71490674.71428572
5791,142514792.42857143
5792,32840700.57142857
5793,33416402.85714286
5794,69215038.28571428
5795,112536761.35714285
5796,12580571.285714285
5797,70487607.92857143
5798,1541214.4285714286
5799,190758992.64285713
5800,3985103.6428571427
5801,23014102.07142857
5802,8163382.285714285
5803,5964019.857142857
5804,359761374.9285714
5805,36840270.071428575
5806,21270421.285714287
5807,106625316.64285715
5808,62285126.071428575
5809,25432005.5
5810,2745783.0
5811,2738212.785714286
5812,97223758.5
5813,194625909.2857143
5814,14670811.857142856
5815,14172972.92857143
5816,18833291.64285714
5817,1879692.7857142857
5818,8449513.07142857
5819,79910270.64285715
5820,11047388.285714285
5821,2306447.0714285714
5822,1478007.857142857
5823,40704888.64285714
5824,66907057.78571428
5825,9177603.57142857
5826,10189075.642857144
5827,8672887.285714285
5828,470412651.0714286
5829,59052371.21428572
5830,44582981.0
5831,117935289.64285715
5832,68028272.92857143
5833,23738653.214285713
5834,106158560.78571428
5835,7402580.714285715
5836,70111732.92857143
5837,54610615.35714286
5838,257969.64285714287
5839,117328131.78571428
5840,1295650.4285714286
5841,93146304.92857143
5842,55501931.78571428
5843,13015658.07142857
5844,6154968.785714285
5845,9091620.07142857
5846,5965490.428571428
5847,66388327.5
5848,62496783.78571428
5849,25981323.57142857
5850,27362179.42857143
5851,16693630.142857144
5852,12434773.642857144
5853,91107846.92857143
5854,17274203.64285714
5855,134010282.85714285
5856,21708096.14285714
5857,708164404.5714285
5858,12835889.714285715
5859,34979033.571428575
5860,163304215.2857143
5861,7994002.571428572
5862,45451838.071428575
5863,84214750.35714285
5864,522562500.4285714
5865,21552148.07142857
5866,17651666.07142857
5867,7999213.714285715
5868,90078615.28571428
5869,8042395.714285715
5870,2455555.1428571427
5871,74688338.78571428
5872,230734753.35714287
5873,10540057.92857143
5874,6263221.428571428
5875,65321402.71428572
5876,92410215.85714285
5877,9815447.214285715
5878,86271260.42857143
5879,3072578.0
5880,105015793.35714285
5881,149196194.35714287
5882,351650903.0
5883,15642923.92857143
5884,42432583.071428575
5885,11316645.92857143
5886,27471669.57142857
5887,11796695.285714285
5888,23446658.214285713
5889,3005917.714285714
5890,41737117.35714286
5891,26081981.214285713
5892,45725819.28571428
5893,4607980.642857143
5894,97168069.5
5895,23198155.0
5896,117833813.92857143
5897,1597150.2142857143
5898,50828824.0
5899,6545169.571428572
5900,22393044.14285714
5901,78156.28571428571
5902,21709770.214285713
5903,100474439.64285715
5904,104970375.42857143
5905,58214589.071428575
5906,91530202.28571428
5907,7418197.071428572
5908,60911867.78571428
5909,32026764.57142857
5910,69113440.42857143
5911,15540071.42857143
5912,230949559.64285713
5913,71900912.35714285
5914,26179998.214285713
5915,4681666.285714285
5916,39756045.78571428
5917,196085990.2142857
5918,120312013.92857143
5919,108233065.21428572
5920,7117797.714285715
5921,42357075.78571428
5922,3162735.6428571427
5923,15042504.142857144
5924,10704525.57142857
5925,387961344.14285713
5926,9317322.57142857
5927,7326275.785714285
5928,80988463.78571428
5929,1822793.5
5930,32159461.07142857
5931,33704324.64285714
5932,2534954.5
5933,11968454.142857144
5934,158583750.07142857
5935,178788372.57142857
5936,124205884.78571428
5937,9948710.92857143
5938,25194399.35714286
5939,147309076.42857143
5940,123246521.28571428
5941,8946662.785714285
5942,83210280.14285715
5943,2849185.5
5944,32075024.14285714
5945,13282397.357142856
5946,3863331.785714286
5947,13788064.07142857
5948,157720682.64285713
5949,2660883.0714285714
5950,174044371.14285713
5951,51012512.5
5952,10598272.357142856
5953,114133157.14285715
5954,14186004.92857143
5955,37401243.14285714
5956,124454965.64285715
5957,50588074.071428575
5958,40938769.28571428
5959,6404310.0
5960,20938166.92857143
5961,4026124.5
5962,21557282.5
5963,76392663.0
5964,118478887.92857143
5965,75105517.14285715
5966,74958484.0
5967,366403118.5714286
5968,87894634.21428572
5969,40449054.0
5970,41915857.428571425
5971,7862083.642857143
5972,22096159.0
5973,58039978.85714286
5974,8130666.571428572
5975,10691797.214285715
5976,1452732.0714285714
5977,425083.85714285716
5978,833629744.7142857
5979,5557185.928571428
5980,242876529.85714287
5981,6819611.714285715
5982,162932622.42857143
5983,1925202.857142857
5984,35325289.35714286
5985,62708458.64285714
5986,3988735.214285714
5987,6238741.571428572
5988,24402311.14285714
5989,2882751.1428571427
5990,101264813.14285715
5991,10376498.42857143
5992,30272730.785714287
5993,35607411.071428575
5994,3922510.214285714
5995,16574733.92857143
5996,40328691.5
5997,17219184.42857143
5998,245465806.7142857
5999,2419653.8571428573
6000,7472920.285714285
6001,22210482.214285713
6002,11201130.714285715
6003,490011651.5
6004,35936780.71428572
6005,7037794.428571428
6006,43462501.5
6007,26671849.285714287
6008,21235031.214285713
6009,120794032.14285715
6010,124907313.71428572
6011,41669345.21428572
6012,40106964.571428575
6013,247228205.64285713
6014,16251857.714285715
6015,19157668.42857143
6016,16089898.07142857
6017,7680161.357142857
6018,34152397.64285714
6019,1563192.2857142857
6020,8187721.642857143
6021,9573986.285714285
6022,11330927.714285715
6023,85392580.14285715
6024,3009253.4285714286
6025,26626909.5
6026,130678326.57142857
6027,18012141.214285713
6028,109403736.28571428
6029,16485781.714285715
6030,277880367.85714287
6031,37450013.35714286
6032,320131.5714285714
6033,76404340.42857143
6034,6478472.285714285
6035,364864604.35714287
6036,4231937.571428572
6037,3680614.714285714
6038,38067.5
6039,5183874.5
6040,54461816.928571425
6041,276786627.35714287
6042,1823579.2142857143
6043,180329476.64285713
6044,10873941.285714285
6045,38396215.14285714
6046,4401223.071428572
6047,4259484.0
6048,16278582.785714285
6049,8454841.214285715
6050,12150293.785714285
6051,3816668.214285714
6052,62276562.5
6053,446223.0
6054,5451412.857142857
6055,12759168.142857144
6056,32519538.42857143
6057,2507584.214285714
6058,65473176.85714286
6059,84148483.28571428
6060,54628917.21428572
6061,121723913.64285715
6062,7048110.0
6063,74632619.71428572
6064,4351073.071428572
6065,102128417.07142857
6066,39352253.78571428
6067,84874055.07142857
6068,308146.5714285714
6069,132293467.85714285
6070,142309802.07142857
6071,16791213.85714286
6072,36170896.571428575
6073,15929909.5
6074,3653013.1428571427
6075,10936871.714285715
6076,51545517.78571428
6077,12407827.285714285
6078,105892520.85714285
6079,428501000.85714287
6080,6305304.785714285
6081,2623517.0
6082,14650507.92857143
6083,148417023.2857143
6084,30590911.92857143
6085,53449183.78571428
6086,4455591.5
6087,41708265.71428572
6088,20770102.714285713
6089,5877233.928571428
6090,336966257.0714286
6091,6026761.571428572
6092,18612011.785714287
6093,23449082.35714286
6094,156362203.7857143
6095,195937597.14285713
6096,38842140.0
6097,38671720.5
6098,20275679.57142857
6099,57120481.28571428
6100,60429788.428571425
6101,178957886.07142857
6102,92916876.0
6103,82253497.42857143
6104,1586199.4285714286
6105,23362844.14285714
6106,1132915.5714285714
6107,1181170.642857143
6108,227546960.85714287
6109,18481294.92857143
6110,64328420.71428572
6111,1771328.4285714286
6112,1808213.2142857143
6113,10167792.5
6114,53149024.28571428
6115,120822730.42857143
6116,1106634.2857142857
6117,39353925.14285714
6118,111790982.07142857
6119,98703719.64285715
6120,110676636.07142857
6121,5332528.0
6122,114008517.5
6123,589270.7142857143
6124,1590213.2857142857
6125,9286593.57142857
6126,25281792.14285714
6127,10435620.5
6128,273372590.35714287
6129,12646952.0
6130,1421707.5
6131,16616626.285714285
6132,144275.85714285713
6133,28414371.92857143
6134,41641677.5
6135,93416755.14285715
6136,550912673.2857143
6137,137250226.35714287
6138,27829634.92857143
6139,1221395304.2857144
6140,3491656.9285714286
6141,50617356.928571425
6142,1483337.642857143
6143,7077196.0
6144,15790132.142857144
6145,54685847.071428575
6146,29412313.5
6147,35432171.071428575
6148,10173254.714285715
6149,103362050.07142857
6150,404269855.21428573
6151,23384267.92857143
6152,964097488.4285715
6153,5718620.5
6154,22079710.214285713
6155,116468905.42857143
6156,6380957.5
6157,12519380.142857144
6158,88447160.85714285
6159,23066823.64285714
6160,30569174.85714286
6161,32741903.14285714
6162,58430025.0
6163,20024621.42857143
6164,16661473.57142857
6165,20591246.785714287
6166,62321741.64285714
6167,32390062.57142857
6168,34730160.071428575
6169,71150295.35714285
6170,15436186.5
6171,53366428.571428575
6172,8689563.07142857
6173,50588443.5
6174,72704514.21428572
6175,39871585.928571425
6176,49527163.071428575
6177,109832826.71428572
6178,3774848.714285714
6179,307641562.71428573
6180,52071829.428571425
6181,51511228.071428575
6182,481628082.0714286
6183,18740965.785714287
6184,683117231.7142857
6185,16881869.714285713
6186,10077714.857142856
6187,6905168.642857143
6188,40569408.571428575
6189,49499194.21428572
6190,119621339.92857143
6191,11406291.785714285
6192,62908220.35714286
6193,19246329.64285714
6194,5357792.571428572
6195,4207343.571428572
6196,73584273.42857143
6197,1788937.2142857143
6198,95494722.78571428
6199,712423157.4285715
6200,3144580.9285714286
6201,13158587.785714285
6202,164426176.5
6203,570688844.5714285
6204,5165436.928571428
6205,10262026.642857144
6206,74016962.0
6207,43272693.071428575
6208,88863887.35714285
6209,1338091.357142857
6210,28142680.714285713
6211,74902761.14285715
6212,8286988.571428572
6213,180315646.57142857
6214,13017825.357142856
6215,24830880.285714287
6216,50579439.5
6217,269699.35714285716
6218,19526900.0
6219,34143955.78571428
6220,844185.4285714285
6221,16595929.714285715
6222,2916178.785714286
6223,24502098.0
6224,49434273.428571425
6225,150084296.2142857
6226,46050023.71428572
6227,15922942.142857144
6228,3986658.6428571427
6229,3035606.5714285714
6230,262448.78571428574
6231,144820976.2142857
6232,3774446.285714286
6233,223298392.5
6234,45773503.0
6235,67571263.92857143
6236,26050250.07142857
6237,10463837.57142857
6238,7004928.214285715
6239,202083097.7857143
6240,161445522.85714287
6241,1429829.642857143
6242,22853236.35714286
6243,10717813.357142856
6244,59736930.28571428
6245,8004171.857142857
6246,8955787.142857144
6247,647704630.5714285
6248,4996112.785714285
6249,21380781.07142857
6250,49656813.71428572
6251,84139257.78571428
6252,8743602.142857144
6253,19520195.35714286
6254,182111102.57142857
6255,17223807.85714286
6256,9245362.0
6257,84066520.21428572
6258,394786.85714285716
6259,7268410.357142857
6260,12523820.57142857
6261,207527357.0
6262,19909616.785714287
6263,70684307.14285715
6264,16298655.857142856
6265,15959277.357142856
6266,6899709.0
6267,189458118.7142857
6268,144807.07142857142
6269,190142773.57142857
6270,93156581.07142857
6271,357610732.71428573
6272,4256285.714285715
6273,12421166.57142857
6274,256356276.35714287
6275,61261980.85714286
6276,4953151.428571428
6277,103488230.57142857
6278,8543670.0
6279,26844453.714285713
6280,25412356.57142857
6281,20301231.42857143
6282,407163767.5
6283,43928272.071428575
6284,113283336.64285715
6285,93871273.5
6286,4382859.357142857
6287,4731431.571428572
6288,102167328.35714285
6289,118054314.28571428
6290,79286.5
6291,31631968.214285713
6292,123578288.21428572
6293,415771592.28571427
6294,19882290.07142857
6295,296097369.0714286
6296,11149699.785714285
6297,22207033.285714287
6298,4083036.6428571427
6299,805854.6428571428
6300,29788219.214285713
6301,54150319.071428575
6302,21040407.42857143
6303,27292999.0
6304,29841401.85714286
6305,179130894.92857143
6306,86479672.64285715
6307,1416367.5714285714
6308,5497584.428571428
6309,11278990.285714285
6310,100478269.5
6311,27375341.35714286
6312,18466826.714285713
6313,64451873.14285714
6314,34205619.64285714
6315,9004509.42857143
6316,75702193.64285715
6317,220368249.57142857
6318,59478788.64285714
6319,99894191.28571428
6320,7223974.071428572
6321,154816179.35714287
6322,144259298.35714287
6323,8235415.285714285
6324,2463588.3571428573
6325,189551403.92857143
6326,3129328.3571428573
6327,62677145.85714286
6328,20236420.0
6329,7473825.928571428
6330,1682883.142857143
6331,119423693.85714285
6332,4627402.714285715
6333,4760105.285714285
6334,1072399.0
6335,76318080.28571428
6336,39812109.28571428
6337,35851363.928571425
6338,764415.1428571428
6339,18537351.42857143
6340,4627727.642857143
6341,12422203.07142857
6342,3970685.0
6343,33503179.0
6344,101517182.0
6345,4103874.0
6346,163384831.2142857
6347,93185793.0
6348,15516999.714285715
6349,64431277.571428575
6350,3288530.785714286
6351,131410441.21428572
6352,166261177.14285713
6353,6834856.785714285
6354,4227560.285714285
6355,281483.71428571426
6356,20732512.64285714
6357,13116975.785714285
6358,5318435.785714285
6359,5244208.642857143
6360,11728976.57142857
6361,190435286.2142857
6362,12859681.642857144
6363,10569492.357142856
6364,10716047.57142857
6365,176303672.5
6366,16587298.642857144
6367,21040825.85714286
6368,44069207.428571425
6369,6067570.285714285
6370,175805422.7857143
6371,13808583.285714285
6372,27993584.214285713
6373,5336494.142857143
6374,27630383.214285713
6375,54372255.14285714
6376,20813922.92857143
6377,3415703.9285714286
6378,8142935.214285715
6379,216970163.0
6380,21692512.214285713
6381,508662001.14285713
6382,114409774.07142857
6383,37130798.14285714
6384,79722026.28571428
6385,34993134.35714286
6386,301202206.85714287
6387,19515713.07142857
6388,8772758.214285715
6389,2219459.5714285714
6390,55347038.14285714
6391,3058820.285714286
6392,24635831.85714286
6393,228904586.0
6394,307930234.28571427
6395,2544944.1428571427
6396,5793757.5
6397,29594229.42857143
6398,4380880.285714285
6399,10620305.57142857
6400,10209659.642857144
6401,332466.64285714284
6402,24531400.35714286
6403,615598.4285714285
6404,32465545.14285714
6405,1617421.7142857143
6406,21873766.0
6407,34540886.428571425
6408,30686246.0
6409,108671896.85714285
6410,9737965.142857144
6411,8963019.785714285
6412,3027787.9285714286
6413,18950077.42857143
6414,697182792.2857143
6415,5601975.642857143
6416,17637309.214285713
6417,91378943.85714285
6418,76408076.42857143
6419,29961187.714285713
6420,35093222.28571428
6421,127708109.07142857
6422,941753.9285714285
6423,13493622.142857144
6424,45180078.571428575
6425,45592397.35714286
6426,11683728.42857143
6427,4416497.428571428
6428,7339344.428571428
6429,44134132.14285714
6430,160250735.2142857
6431,145604041.5
6432,128129881.71428572
6433,19752349.0
6434,5982625.285714285
6435,61449916.64285714
6436,44576777.28571428
6437,16725083.07142857
6438,47246863.35714286
6439,39631473.928571425
6440,51186280.5
6441,24104882.57142857
6442,26486488.35714286
6443,35780122.64285714
6444,1455197.5714285714
6445,410139523.4285714
6446,339708603.14285713
6447,29381544.14285714
6448,4607337.071428572
6449,115027894.35714285
6450,23218351.85714286
6451,3386063.1428571427
6452,43848035.428571425
6453,60848503.35714286
6454,39165124.14285714
6455,27668261.85714286
6456,30522538.57142857
6457,115472038.92857143
6458,4427462.357142857
6459,28397356.64285714
6460,94809200.85714285
6461,160145995.14285713
6462,145222733.57142857
6463,2163453.6428571427
6464,26398936.85714286
6465,2486456.9285714286
6466,28333202.14285714
6467,10936603.92857143
6468,5029524.357142857
6469,13377983.214285715
6470,9441124.214285715
6471,4524681.428571428
6472,135496555.2142857
6473,18299361.785714287
6474,15939849.214285715
6475,6979410.285714285
6476,356955927.5
6477,136999422.35714287
6478,8728183.785714285
6479,351561161.5714286
6480,37016532.0
6481,32088535.214285713
6482,2280363.785714286
6483,13085253.214285715
6484,150438785.35714287
6485,105480687.85714285
6486,830831.6428571428
6487,148356692.07142857
6488,44055374.14285714
6489,3412225.0714285714
6490,8869168.642857144
6491,19410552.07142857
6492,23174747.0
6493,83981093.78571428
6494,118041502.14285715
6495,17069741.14285714
6496,389480624.85714287
6497,209146538.2857143
6498,30594174.42857143
6499,26725125.214285713
6500,4907234.642857143
6501,3389690.785714286
6502,100469500.78571428
6503,23248756.92857143
6504,13345376.92857143
6505,8518284.785714285
6506,15429930.214285715
6507,19480960.57142857
6508,70725930.57142857
6509,6591506.714285715
6510,3779943.8571428573
6511,23735626.0
6512,7446705.071428572
6513,24216101.214285713
6514,12583887.92857143
6515,297810618.9285714
6516,43739413.0
6517,4243172.571428572
6518,27099866.64285714
6519,71739062.35714285
6520,12389328.5
6521,341221063.5
6522,76518107.71428572
6523,58458341.0
6524,40194429.21428572
6525,36258415.928571425
6526,358899082.85714287
6527,3774594.1428571427
6528,7235853.285714285
6529,18481257.42857143
6530,96914386.5
6531,12333138.357142856
6532,20683414.5
6533,3936915.785714286
6534,453377193.5
6535,12767415.07142857
6536,60044235.85714286
6537,55997616.0
6538,46895246.78571428
6539,279046070.71428573
6540,216835418.5
6541,79403133.78571428
6542,57333118.85714286
6543,1637911.7142857143
6544,15718872.5
6545,22996306.57142857
6546,407249239.35714287
6547,3650232.5
6548,42584408.21428572
6549,131104722.28571428
6550,99958349.64285715
6551,72301551.07142857
6552,19575691.57142857
6553,4520629.785714285
6554,23487809.42857143
6555,25231465.785714287
6556,55936389.78571428
6557,9860863.0
6558,60079687.28571428
6559,53054444.571428575
6560,337062034.85714287
6561,4252883.571428572
6562,121480122.07142857
6563,30424989.85714286
6564,17508133.35714286
6565,31472232.285714287
6566,92960760.85714285
6567,6528757.785714285
6568,32833473.714285713
6569,4072746.6428571427
6570,68678744.5
6571,16637621.714285715
6572,926529.7857142857
6573,25409989.214285713
6574,43804725.64285714
6575,4596876.071428572
6576,11167026.714285715
6577,15670869.285714285
6578,33108445.42857143
6579,10542267.285714285
6580,25945623.0
6581,30322897.57142857
6582,519954.78571428574
6583,835800.5
6584,1347355.357142857
6585,51203020.78571428
6586,72180632.78571428
6587,32382060.214285713
6588,7701648.214285715
6589,65550158.64285714
6590,180942632.64285713
6591,11647622.857142856
6592,119073145.42857143
6593,82362263.21428572
6594,102235891.64285715
6595,375913.5
6596,114688551.64285715
6597,14713406.142857144
6598,21838950.14285714
6599,31191136.285714287
6600,2358615.9285714286
6601,40569632.5
6602,464689192.35714287
6603,55934266.28571428
6604,20143859.214285713
6605,101203768.0
6606,7694703.714285715
6607,64486856.5
6608,2912869.785714286
6609,6263134.642857143
6610,16610216.285714285
6611,12517020.214285715
6612,880593433.6428572
6613,55619699.28571428
6614,213662144.42857143
6615,5931639.0
6616,94783050.21428572
6617,64343043.21428572
6618,89575594.57142857
6619,18551208.42857143
6620,24281634.64285714
6621,81469005.71428572
6622,68954330.57142857
6623,229670725.92857143
6624,104499869.0
6625,102652074.28571428
6626,44404091.071428575
6627,52948922.78571428
6628,566724.8571428572
6629,12671731.92857143
6630,18886250.785714287
6631,1320921.357142857
6632,12070008.714285715
6633,4112509.0714285714
6634,13840765.92857143
6635,12266125.92857143
6636,184985055.85714287
6637,70420480.71428572
6638,5018703.857142857
6639,19867899.14285714
6640,57193143.64285714
6641,174238668.14285713
6642,215358956.5
6643,3056068.5714285714
6644,2151665.9285714286
6645,37552193.0
6646,34121454.071428575
6647,4082764.5
6648,84251450.0
6649,13242410.285714285
6650,2295226.8571428573
6651,28683228.0
6652,3029732.9285714286
6653,187562473.64285713
6654,156370950.2857143
6655,29903782.785714287
6656,10779351.357142856
6657,134887507.5
6658,5799564.285714285
6659,8671571.57142857
6660,15282844.0
6661,1256790.7142857143
6662,27752795.85714286
6663,449976022.14285713
6664,15341151.5
6665,1336725.0714285714
6666,16336485.714285715
6667,193229484.2857143
6668,67935919.07142857
6669,34336158.64285714
6670,3009076.9285714286
6671,61828876.71428572
6672,27473943.285714287
6673,95906816.0
6674,399524709.4285714
6675,81381742.92857143
6676,17385174.214285713
6677,1917817.2857142857
6678,4640372.285714285
6679,409998802.5
6680,28778179.714285713
6681,760319664.3571428
6682,47683778.35714286
6683,28496221.35714286
6684,225230.2857142857
6685,6815629.571428572
6686,7606622.642857143
6687,74030833.28571428
6688,28061773.92857143
6689,53661593.071428575
6690,299082498.5
6691,4674385.357142857
6692,640226395.5714285
6693,53690658.71428572
6694,67022877.64285714
6695,31811010.5
6696,109345758.42857143
6697,6998769.785714285
6698,12531866.357142856
6699,275852072.14285713
6700,198414732.2142857
6701,44868088.5
6702,14336398.357142856
6703,2040566.7142857143
6704,5044811.571428572
6705,28169487.214285713
6706,33048249.14285714
6707,48963699.571428575
6708,16825507.57142857
6709,5815086.357142857
6710,61839316.428571425
6711,38423916.14285714
6712,128380912.42857143
6713,3168869.214285714
6714,2894162.214285714
6715,13820058.142857144
6716,43142029.5
6717,347283975.5714286
6718,20552256.0
6719,55978131.28571428
6720,717466.0
6721,90695235.28571428
6722,18428579.14285714
6723,109649460.0
6724,64645457.85714286
6725,5986133.071428572
6726,132127173.85714285
6727,10334667.5
6728,17919670.85714286
6729,24816002.285714287
6730,39553149.28571428
6731,3837027.8571428573
6732,17058686.92857143
6733,58002103.928571425
6734,9235618.42857143
6735,134154601.64285715
6736,11710177.07142857
6737,18580630.14285714
6738,15622219.857142856
6739,8748987.857142856
6740,1313433.2857142857
6741,6903926.071428572
6742,23272123.785714287
6743,144613823.2857143
6744,36649117.571428575
6745,7401558.785714285
6746,59217050.64285714
6747,47090139.78571428
6748,4519515.785714285
6749,11696065.92857143
6750,3910903.8571428573
6751,7460025.285714285
6752,133107469.35714285
6753,29534619.57142857
6754,129320522.64285715
6755,18505579.214285713
6756,176668258.85714287
6757,79946433.85714285
6758,14770688.357142856
6759,114588286.64285715
6760,25561696.57142857
6761,14947925.92857143
6762,1836741.857142857
6763,16889820.5
6764,21399092.0
6765,147262300.5
6766,1420150.642857143
6767,31347178.35714286
6768,144113249.0
6769,12679188.642857144
6770,10256522.357142856
6771,28122960.64285714
6772,12833294.357142856
6773,31506308.0
6774,221624027.7142857
6775,384857681.5
6776,13089431.857142856
6777,61398458.35714286
6778,119605213.78571428
6779,26926666.5
6780,165349291.2142857
6781,5839510.285714285
6782,98701972.21428572
6783,18609299.14285714
6784,5483603.0
6785,50234856.071428575
6786,3562961.785714286
6787,19636552.35714286
6788,7215297.857142857
6789,10417060.642857144
6790,6484539.714285715
6791,57360659.71428572
6792,386989170.71428573
6793,107074216.5
6794,25215527.64285714
6795,9315201.5
6796,554948849.6428572
6797,24665784.07142857
6798,47593194.928571425
6799,5906714.571428572
6800,95010131.57142857
6801,221681861.2857143
6802,29706512.35714286
6803,233495214.0
6804,23266952.714285713
6805,46610075.14285714
6806,14518670.214285715
6807,53960533.14285714
6808,4493948.5
6809,36123762.571428575
6810,8872716.42857143
6811,76695691.07142857
6812,20584570.64285714
6813,135756200.14285713
6814,20809193.714285713
6815,12789212.357142856
6816,6639107.714285715
6817,39850.5
6818,12535677.357142856
6819,122792869.78571428
6820,118094302.57142857
6821,18375245.14285714
6822,39484512.64285714
6823,48647762.64285714
6824,272836021.71428573
6825,42361913.14285714
6826,22905782.85714286
6827,6773631.928571428
6828,2238732.5
6829,5283889.428571428
6830,2043206.642857143
6831,80198641.07142857
6832,39617770.428571425
6833,45725522.428571425
6834,10446081.357142856
6835,132112206.28571428
6836,6437502.714285715
6837,143074889.92857143
6838,7576120.571428572
6839,19746167.85714286
6840,31717112.214285713
6841,17984330.214285713
6842,4379891.214285715
6843,3179719.5714285714
6844,354717726.4285714
6845,21187635.5
6846,74360780.42857143
6847,9646654.642857144
6848,10307437.285714285
6849,5808292.142857143
6850,81682173.0
6851,268941821.0714286
6852,15848220.07142857
6853,21664400.214285713
6854,57842869.64285714
6855,43052144.5
6856,3443729.4285714286
6857,26446168.35714286
6858,8087032.214285715
6859,60177616.64285714
6860,8032767.142857143
6861,34837383.428571425
6862,77038818.78571428
6863,265425535.57142857
6864,11393919.285714285
6865,8844776.5
6866,67613630.64285715
6867,35021975.64285714
6868,942081351.9285715
6869,33125122.785714287
6870,2761973.5
6871,81769829.5
6872,1819501.357142857
6873,75896270.85714285
6874,88016217.57142857
6875,21594767.714285713
6876,68966158.78571428
6877,27048294.92857143
6878,6172410.714285715
6879,9218068.285714285
6880,10107634.5
6881,11953614.5
6882,117958682.92857143
6883,59551893.21428572
6884,73990297.5
6885,21130422.0
6886,3614974.4285714286
6887,40774669.21428572
6888,78473207.78571428
6889,4650981.142857143
6890,22078947.85714286
6891,48628786.14285714
6892,134352671.42857143
6893,228551446.85714287
6894,32827050.5
6895,8286250.142857143
6896,5579211.071428572
6897,2691452.785714286
6898,21270885.5
6899,17739563.214285713
6900,88649253.71428572
6901,64212055.21428572
6902,3513742.6428571427
6903,24858159.57142857
6904,136167480.7142857
6905,27619079.42857143
6906,133401431.64285715
6907,17963458.5
6908,18466594.14285714
6909,669856.0
6910,14030392.642857144
6911,11578263.07142857
6912,35620994.78571428
6913,268553864.71428573
6914,308724332.14285713
6915,22102621.285714287
6916,20898939.07142857
6917,829087435.3571428
6918,68171409.07142857
6919,5379993.857142857
6920,96816292.42857143
6921,336778182.64285713
6922,35874471.428571425
6923,18019539.14285714
6924,16451808.42857143
6925,22528107.35714286
6926,9045952.42857143
6927,540135.7857142857
6928,31365111.0
6929,99171728.85714285
6930,193468113.85714287
6931,17009278.285714287
6932,14317447.642857144
6933,9700169.142857144
6934,113254586.35714285
6935,441833.0714285714
6936,15955598.42857143
6937,192756607.7857143
6938,3970787.0714285714
6939,13979982.142857144
6940,167362517.2857143
6941,98064679.64285715
6942,20502065.92857143
6943,10253072.857142856
6944,142072436.42857143
6945,58470460.35714286
6946,78920282.07142857
6947,5756820.857142857
6948,26357812.14285714
6949,37181571.071428575
6950,386425203.71428573
6951,2196071.5
6952,25423596.42857143
6953,32159967.5
6954,40239101.78571428
6955,55972110.5
6956,12477695.142857144
6957,6449413.428571428
6958,1826752.5714285714
6959,5192396.714285715
6960,42568151.64285714
6961,43243810.28571428
6962,128719430.42857143
6963,48330981.071428575
6964,82698935.78571428
6965,5788160.5
6966,97904631.71428572
6967,172885118.7142857
6968,3678017.5
6969,2099974.5714285714
6970,21841092.714285713
6971,138680647.35714287
6972,1428734.4285714286
6973,18294058.5
6974,175478827.57142857
6975,17216939.0
6976,33373865.214285713
6977,5235927.142857143
6978,7712779.857142857
6979,97731997.14285715
6980,20798288.85714286
6981,5090706.285714285
6982,201861219.5
6983,5266624.357142857
6984,91262896.92857143
6985,215580142.35714287
6986,24394920.35714286
6987,7634730.571428572
6988,20206516.5
6989,9764016.0
6990,253407046.7142857
6991,3872517.785714286
6992,12288423.357142856
6993,13477987.714285715
6994,48343.42857142857
6995,29718463.14285714
6996,37878895.28571428
6997,455773.71428571426
6998,19439810.5
6999,116948412.71428572
7000,11377714.214285715
7001,9850964.92857143
7002,11509751.0
7003,13007653.142857144
7004,47925280.28571428
7005,1189607.642857143
7006,836518.0
7007,15005351.214285715
7008,93254460.57142857
7009,19964950.35714286
7010,6723502.142857143
7011,12362733.357142856
7012,8565720.785714285
7013,4156385.5714285714
7014,1801383.2142857143
7015,182418182.0
7016,334417299.64285713
7017,21561847.5
7018,13748957.07142857
7019,124258943.14285715
7020,43734046.571428575
7021,106555127.57142857
7022,25227236.785714287
7023,67979551.78571428
7024,17459667.0
7025,9087350.285714285
7026,274893737.78571427
7027,74609102.14285715
7028,3958897.1428571427
7029,66219957.28571428
7030,82512919.14285715
7031,90596200.0
7032,15758466.357142856
7033,6053898.785714285
7034,18764362.07142857
7035,17954347.0
7036,35823455.71428572
7037,108787880.0
7038,36936303.428571425
7039,45456103.14285714
7040,10942248.57142857
7041,70908188.71428572
7042,82536687.71428572
7043,2025974.4285714286
7044,50765484.428571425
7045,29894743.07142857
7046,97185915.14285715
7047,382367905.78571427
7048,19158477.14285714
7049,74777961.35714285
7050,1571991.4285714286
7051,18359420.92857143
7052,101249202.78571428
7053,10645877.785714285
7054,52398935.85714286
7055,119500302.71428572
7056,338444143.35714287
7057,29803076.35714286
7058,7431052.785714285
7059,33077942.07142857
7060,17483187.07142857
7061,13815606.42857143
7062,115205309.64285715
7063,233575.2857142857
7064,157624145.14285713
7065,41077057.21428572
7066,12373172.857142856
7067,1626633.357142857
7068,65058065.14285714
7069,13058604.42857143
7070,127968199.14285715
7071,203002506.64285713
7072,2276572.0714285714
7073,12124895.714285715
7074,3330917.8571428573
7075,36383130.5
7076,115023062.64285715
7077,30040140.64285714
7078,85282771.14285715
7079,2211645.0
7080,19733160.214285713
7081,10343230.0
7082,7759689.928571428
7083,14432163.785714285
7084,50715268.571428575
7085,12042939.92857143
7086,21671914.714285713
7087,128719025.21428572
7088,102440429.64285715
7089,6787383.357142857
7090,22290244.57142857
7091,9205672.0
7092,324307395.28571427
7093,129629593.35714285
7094,70827315.21428572
7095,26401093.64285714
7096,20943440.0
7097,142411818.35714287
7098,37131231.428571425
7099,82321330.92857143
7100,24114944.92857143
7101,51544834.428571425
7102,8878556.42857143
7103,17917378.07142857
7104,10857800.42857143
7105,72119309.85714285
7106,40942734.71428572
7107,96462487.57142857
7108,2971036.4285714286
7109,54839884.28571428
7110,8034224.428571428
7111,19201095.714285713
7112,196413485.2857143
7113,138706013.35714287
7114,17966666.714285713
7115,30641937.285714287
7116,12126344.785714285
7117,2926560.785714286
7118,28987057.07142857
7119,71043952.28571428
7120,3420454.0
7121,15647974.92857143
7122,3990163.785714286
7123,2424086.4285714286
7124,478006992.5714286
7125,151182690.35714287
7126,181660580.7142857
7127,78455481.28571428
7128,7539884.857142857
7129,17319234.785714287
7130,19521561.35714286
7131,40552725.21428572
7132,27160624.285714287
7133,97940724.42857143
7134,50067277.0
7135,141148523.57142857
7136,38836704.71428572
7137,47098601.571428575
7138,38392055.5
7139,1907481.9285714286
7140,203541397.92857143
7141,298509.35714285716
7142,27896833.785714287
7143,56971460.071428575
7144,2226693.5
7145,46260450.928571425
7146,4811566.714285715
7147,37814920.21428572
7148,69526081.21428572
7149,9644832.285714285
7150,18709387.0
7151,22859644.92857143
7152,106067273.35714285
7153,18224278.0
7154,54277041.78571428
7155,252956991.42857143
7156,7877844.928571428
7157,106434542.5
7158,16000846.5
7159,21516338.285714287
7160,2433385.214285714
7161,74389640.71428572
7162,311383024.71428573
7163,33033168.35714286
7164,1592214.357142857
7165,162119795.92857143
7166,29482690.92857143
7167,2646850.285714286
7168,1579360.5714285714
7169,8785707.714285715
7170,27680326.5
7171,12426677.07142857
7172,12979845.285714285
7173,15052308.214285715
7174,5893897.928571428
7175,14715490.5
7176,36150552.14285714
7177,99552347.14285715
7178,18964913.35714286
7179,128796124.07142857
7180,1455875.142857143
7181,69191411.07142857
7182,42229859.928571425
7183,4119671.285714286
7184,1166704294.9285715
7185,34218347.78571428
7186,42184184.571428575
7187,109519340.78571428
7188,77837233.64285715
7189,13904188.857142856
7190,6193846.642857143
7191,649181.8571428572
7192,35964924.85714286
7193,27725104.57142857
7194,328208175.0
7195,59083695.71428572
7196,15843423.214285715
7197,18052171.785714287
7198,20167334.35714286
7199,14190708.857142856
7200,56739343.071428575
7201,16849502.14285714
7202,49995099.28571428
7203,654674.5
7204,103092159.5
7205,336909078.14285713
7206,135248700.57142857
7207,443421415.9285714
7208,44613880.85714286
7209,16885212.64285714
7210,923611.8571428572
7211,3817297.214285714
7212,73291676.64285715
7213,50795119.28571428
7214,544435953.7142857
7215,100020367.5
7216,158960836.0
7217,1725968.7142857143
7218,43313825.071428575
7219,26960027.57142857
7220,96298231.64285715
7221,23532486.285714287
7222,100021125.42857143
7223,6442661.142857143
7224,9357698.57142857
7225,1964246.0714285714
7226,82758994.64285715
7227,106432259.71428572
7228,23445810.0
7229,40297821.64285714
7230,2294809.214285714
7231,15945322.5
7232,343513732.78571427
7233,174172517.92857143
7234,262422538.7142857
7235,28602440.14285714
7236,143118739.85714287
7237,47499963.35714286
7238,5402294.571428572
7239,759232787.2857143
7240,41749964.35714286
7241,155240293.35714287
7242,59016472.0
7243,26455936.14285714
7244,45591653.78571428
7245,3664154.714285714
7246,3987364.5714285714
7247,98625430.35714285
7248,83833949.78571428
7249,11784177.285714285
7250,1623974.357142857
7251,25784113.214285713
7252,37394076.71428572
7253,13227409.92857143
7254,70917709.92857143
7255,679876.2142857143
7256,15601714.0
7257,31424424.14285714
7258,28393294.35714286
7259,16437421.42857143
7260,3443440.5
7261,486084944.14285713
7262,81872.85714285714
7263,86356956.21428572
7264,9653037.357142856
7265,10161846.42857143
7266,59145869.0
7267,2967262.0714285714
7268,5647805.285714285
7269,98199142.14285715
7270,252209768.42857143
7271,6022208.071428572
7272,14494074.714285715
7273,8188645.142857143
7274,8708728.5
7275,17109732.14285714
7276,6472833.571428572
7277,266726499.07142857
7278,178897423.5
7279,103435964.78571428
7280,107460340.85714285
7281,58768600.78571428
7282,55964288.14285714
7283,145482831.7857143
7284,2605399.714285714
7285,104307275.92857143
7286,187490575.07142857
7287,6429185.428571428
7288,4814531.571428572
7289,66557251.0
7290,19291569.785714287
7291,49774987.14285714
7292,4871956.857142857
7293,29373871.57142857
7294,16843494.14285714
7295,49426480.21428572
7296,1967821.2142857143
7297,56079820.78571428
7298,5808690.857142857
7299,7674788.857142857
7300,2899868.0
7301,82856664.42857143
7302,2837630.714285714
7303,2449412.8571428573
7304,24109941.785714287
7305,9922145.07142857
7306,459876131.21428573
7307,8657731.714285715
7308,3200244.1428571427
7309,23269997.285714287
7310,36986166.928571425
7311,19460828.785714287
7312,91498776.85714285
7313,190205442.85714287
7314,14902685.42857143
7315,6145801.428571428
7316,18375401.5
7317,13435693.642857144
7318,88705289.35714285
7319,3097593.1428571427
7320,269120280.85714287
7321,10318685.142857144
7322,20207612.42857143
7323,63523734.35714286
7324,18083172.64285714
7325,312030279.71428573
7326,241011787.14285713
7327,3967235.785714286
7328,105756804.85714285
7329,138944758.07142857
7330,287801725.71428573
7331,74553378.64285715
7332,45154710.85714286
7333,84603062.28571428
7334,26624458.07142857
7335,82639437.57142857
7336,57659575.85714286
7337,7445667.285714285
7338,35907075.571428575
7339,71072218.64285715
7340,20617877.07142857
7341,866117.5714285715
7342,68844515.35714285
7343,14329738.142857144
7344,7503621.928571428
7345,42890086.428571425
7346,16425219.357142856
7347,30912417.5
7348,5108823.571428572
7349,50771256.64285714
7350,16493645.857142856
7351,23589391.785714287
7352,112218.78571428571
7353,13988452.07142857
7354,1843563.5
7355,42798514.428571425
7356,41071550.0
7357,7243751.642857143
7358,22035893.0
7359,130800662.71428572
7360,97891095.57142857
7361,807774.6428571428
7362,122549271.71428572
7363,738052901.4285715
7364,3245624.1428571427
7365,43239408.14285714
7366,22239568.35714286
7367,7382960.428571428
7368,38637117.428571425
7369,90882119.42857143
7370,40399104.21428572
7371,5206966.571428572
7372,135598683.14285713
7373,302022013.0714286
7374,24929123.285714287
7375,27680731.5
7376,1725956.5
7377,25467254.92857143
7378,151539674.57142857
7379,65382537.28571428
7380,35373375.21428572
7381,4752010.714285715
7382,28211395.07142857
7383,1171429.2857142857
7384,14146892.5
7385,44846677.071428575
7386,44208299.5
7387,5229510.928571428
7388,1772625.7857142857
7389,3605693.4285714286
7390,482464.71428571426
7391,6607844.285714285
7392,21333247.07142857
7393,480809909.71428573
7394,97958978.85714285
7395,55128879.64285714
7396,74245628.14285715
7397,80748857.92857143
7398,9539149.214285715
